Ticker,RecipeID,Scenario,Profit P/A
SA,SA,,283.4794239
LD,LD,,291.3806584
SAL,SAL,,342.7386831
BAI,BAI,,360.5164609
MLI,MLI,,330.8868313
NF,NF,,283.4794239
WM,WM,,182.7386831
DV,DV,,219.4708781
EDC,EDC,,176.4601254
IDC,IDC,,309.4717514
ES,ES,Buy LES,26.69178082
THF,THF,"Buy AMM, Buy H2O, Buy NA",165.9512543
BE,BE,Buy BER,304.429869
TA,TA,Buy TAI,95.83086348
ZR,ZR,Buy ZIR,164.6073088
W,W,Buy BTS,57.78855091
NS,NS,"Buy H2O, Buy LST, Buy N",111.8497545
MG,MG,Buy MGS,88.51616162
S,S,"Buy O, Buy SCR",132.7959596
I,I,Buy CLI,-29.3020202
MCG,MCG,"Buy LST, Buy SIO",180.4434454
REA,REA,Buy BRM,-45.2594888
SOI,SOI,"Buy BRM, Buy CLI",49.02622549
FLX,FLX,Buy LST,63.14387255
CA,CA,Buy LST,-74.11102941
CU,CU,"Buy CUO, Buy O, Buy SIO",86.92929293
NAB,NAB,"Buy BOR, Buy H, Buy NA",158.2223038
CL,CL,"Buy H2O, Buy HAL",160.0809921
LI,LI,"Buy HAL, Buy LIO",159.1761249
GRN,GRN_2,Buy H2O,115.0402536
BEA,BEA_2,Buy H2O,99.89968202
NUT,NUT,Buy H2O,94.0726349
BL,BL,"Buy F, Buy O",285.1856631
HE3,HE3,Buy TS,-285.4844311
NN,NN,"Make BAI (for BAI), Make MLI (for MLI)",343.9839657
DD,DD,"Make LD (for LD), Make NF (for NF)",223.2331972
TC,TC,Buy TCO,256.8095374
HCP,HCP_2,"Buy H2O, Buy NS",233.6819295
RCO,RCO_3,"Buy H2O, Make NS (for NS) [Buy H2O, Buy LST, Buy N]",107.1089067
PFE,PFE,"Buy AMM, Make REA (for REA) [Buy BRM]",-37.07399237
IND,IND,"Buy CU, Buy MG, Buy S",199.0262255
SC,SC,"Make CA (for CA) [Buy LST], Make MG (for MG) [Buy MGS], Make TA (for TA) [Buy TAI]",-37.74594201
VEG,VEG_2,"Buy H2O, Buy NS",179.5510858
BLE,BLE_1,"Make NAB (for NAB) [Buy BOR, Buy H, Buy NA], Buy O, Buy S",176.8472912
EES,EES,"Make ES (for ES) [Buy LES], Make FLX (for FLX) [Buy LST], Make REA (for REA) [Buy BRM]",-296.451153
ETC,ETC,"Make FLX (for FLX) [Buy LST], Make REA (for REA) [Buy BRM], Make TC (for TC) [Buy TCO]",-420.3354854
ALG,ALG,"Buy H2O, Buy NS",298.8449616
CAF,CAF,"Buy H2O, Buy NS",148.3286554
MAI,MAI_2,"Buy H2O, Buy NS",153.0837992
MUS,MUS_2,Buy NS,320.111838
PK,PK,"Make CA (for CA) [Buy LST], Make LI (for LI) [Buy HAL, Buy LIO], Make REA (for REA) [Buy BRM]",-233.7927264
TCL,TCL,"Make CL (for CL) [Buy H2O, Buy HAL], Buy H, Buy O",177.3010744
TCS,TCS,Make TC (for TC) [Buy TCO],62.52830344
SF,SF_2,"Buy AMM, Make NAB (for NAB) [Buy BOR, Buy H, Buy NA]",134.9754161
FF,FF,"Buy H, Buy HE3",-34.40261918
SRP,SRP,"Buy LST, Make TA (for TA) [Buy TAI], Make W (for W) [Buy BTS]",-125.1137087
BAC,BAC,"Make HCP (for HCP) [Buy H2O, Buy NS], Buy O, Buy S",214.2684155
C,C_5,"Make HCP (for HCP) [Buy H2O, Buy NS]",178.828762
COT,COT,Buy RCO,161.9279385
OLF,OLF,"Make REA (for REA) [Buy BRM], Make VEG (for VEG) [Buy H2O, Buy NS]",-43.9256341
PPA,PPA_1,"Make ALG (for ALG) [Buy H2O, Buy NS], Buy BEA, Buy H2O",226.7041273
RAT,RAT_2,"Make ALG (for ALG) [Buy H2O, Buy NS], Buy GRN, Buy VEG",215.9402565
FOD,FOD,"Make MAI (for MAI) [Buy H2O, Buy NS], Buy NUT, Buy VEG",191.7923635
RSI,RSI,"Buy H2O, Make HCP (for HCP) [Buy H2O, Buy NS], Make NS (for NS) [Buy H2O, Buy LST, Buy N]",-0.1627407253
NST,NST,"Make ALG (for ALG) [Buy H2O, Buy NS], Buy ES, Make THF (for THF) [Buy AMM, Buy H2O, Buy NA]",99.14853606
AL,AL_2,"Buy ALO, Buy C, Buy FLX, Buy O",192.5535354
TI,TI,"Make C (for C) [Make HCP (for HCP) [Buy H2O, Buy NS]], Buy O, Buy TIO",108.4186415
FE,FE_1,"Make C (for C) [Make HCP (for HCP) [Buy H2O, Buy NS]], Buy FEO, Buy FLX, Buy O",158.7706308
PE,PE,"Make C (for C) [Make HCP (for HCP) [Buy H2O, Buy NS]], Buy H",170.2243184
PG,PG,"Buy C, Buy H, Buy MG",210.9127109
EPO,EPO,"Buy C, Buy CL, Buy H, Buy O",203.3698538
SIL,SIL,"Make RSI (for RSI) [Buy H2O, Make HCP (for HCP) [Buy H2O, Buy NS], Make NS (for NS) [Buy H2O, Buy LST, Buy N]]",-91.55276756
NCS,NCS,"Make C (for C) [Make HCP (for HCP) [Buy H2O, Buy NS]]",189.9949269
AU,AU,"Buy AUO, Make C (for C) [Make HCP (for HCP) [Buy H2O, Buy NS]]",101.2804038
MTP,MTP,"Make HCP (for HCP) [Buy H2O, Buy NS], Make NS (for NS) [Buy H2O, Buy LST, Buy N], Make PPA (for PPA) [Make ALG (for ALG) [Buy H2O, Buy NS], Buy BEA, Buy H2O]",141.9117188
DDT,DDT,"Make C (for C) [Make HCP (for HCP) [Buy H2O, Buy NS]], Make CL (for CL) [Buy H2O, Buy HAL], Buy H",92.08981417
FLP,FLP,"Make AL (for AL) [Buy ALO, Buy C, Buy FLX, Buy O], Make FE (for FE) [Make C (for C) [Make HCP (for HCP) [Buy H2O, Buy NS]], Buy FEO, Buy FLX, Buy O], Buy HE",121.6847147
GV,GV,"Make AL (for AL) [Buy ALO, Buy C, Buy FLX, Buy O], Buy HE",141.8639456
SI,SI_2,"Make C (for C) [Make HCP (for HCP) [Buy H2O, Buy NS]], Buy FLX, Buy O, Buy SIO",175.0220216
AWF,AWF,"Make BAC (for BAC) [Make HCP (for HCP) [Buy H2O, Buy NS], Buy O, Buy S], Buy MAG, Buy PE",248.8399501
AST,AST,"Make AL (for AL) [Buy ALO, Buy C, Buy FLX, Buy O], Make TI (for TI) [Make C (for C) [Make HCP (for HCP) [Buy H2O, Buy NS]], Buy O, Buy TIO]",108.2506006
FET,FET,"Make FE (for FE) [Make C (for C) [Make HCP (for HCP) [Buy H2O, Buy NS]], Buy FEO, Buy FLX, Buy O], Buy TI",159.8236423
WAL,WAL,"Make AL (for AL) [Buy ALO, Buy C, Buy FLX, Buy O], Make W (for W) [Buy BTS]",22.73328824
FAL,FAL,"Buy AL, Buy FE",293.1199095
OVE,OVE_3,"Make PE (for PE) [Make C (for C) [Make HCP (for HCP) [Buy H2O, Buy NS]], Buy H], Buy RCO",144.8783642
PWO,PWO,"Make COT (for COT) [Buy RCO], Make PG (for PG) [Buy C, Buy H, Buy MG]",183.2902363
INS,INS,"Buy AR, Buy PE, Buy THF",283.2768272
SFK,SFK,Buy FE,198.0238351
STL,STL,"Make FE (for FE) [Make C (for C) [Make HCP (for HCP) [Buy H2O, Buy NS]], Buy FEO, Buy FLX, Buy O], Buy O",149.5250292
OFF,OFF,"Make EPO (for EPO) [Buy C, Buy CL, Buy H, Buy O], Make PG (for PG) [Buy C, Buy H, Buy MG]",175.7237085
STR,STR,"Make AL (for AL) [Buy ALO, Buy C, Buy FLX, Buy O], Make PE (for PE) [Make C (for C) [Make HCP (for HCP) [Buy H2O, Buy NS]], Buy H]",40.49994808
HER,HER,"Make DDT (for DDT) [Make C (for C) [Make HCP (for HCP) [Buy H2O, Buy NS]], Make CL (for CL) [Buy H2O, Buy HAL], Buy H], Buy H2O",101.5483628
GC,GC,"Make AL (for AL) [Buy ALO, Buy C, Buy FLX, Buy O], Make FE (for FE) [Make C (for C) [Make HCP (for HCP) [Buy H2O, Buy NS]], Buy FEO, Buy FLX, Buy O], Buy HE",-80.6965936
NL,NL,"Make PG (for PG) [Buy C, Buy H, Buy MG]",152.6059094
MTC,MTC,"Make NCS (for NCS) [Make C (for C) [Make HCP (for HCP) [Buy H2O, Buy NS]]]",-74.28042368
POW,POW,"Buy LI, Buy NCS",900.2715867
BCO,BCO,"Buy CU, Make PE (for PE) [Make C (for C) [Make HCP (for HCP) [Buy H2O, Buy NS]], Buy H]",223.5629913
BRO,BRO,"Make AL (for AL) [Buy ALO, Buy C, Buy FLX, Buy O], Make CU (for CU) [Buy CUO, Buy O, Buy SIO]",103.0566007
AFR,AFR,"Buy AL, Make ZR (for ZR) [Buy ZIR]",237.6046651
SCN,SCN,"Buy CU, Make PE (for PE) [Make C (for C) [Make HCP (for HCP) [Buy H2O, Buy NS]], Buy H]",188.0285562
KV,KV,"Buy PG, Buy TCL",295.5711844
DW,DW_2,Buy H2O,226.3074924
PIB,PIB_1,"Make DDT (for DDT) [Make C (for C) [Make HCP (for HCP) [Buy H2O, Buy NS]], Make CL (for CL) [Buy H2O, Buy HAL], Buy H], Buy H2O, Make SOI (for SOI) [Buy BRM, Buy CLI]",-13.76419093
GRA,GRA_1,"Buy DDT, Buy H2O, Make SOI (for SOI) [Buy BRM, Buy CLI]",111.1839661
HOP,HOP_1,"Buy DDT, Buy H2O, Buy SOI",219.6569898
BGO,BGO,"Make AU (for AU) [Buy AUO, Make C (for C) [Make HCP (for HCP) [Buy H2O, Buy NS]]], Buy FE",214.8012524
RGO,RGO,"Make AU (for AU) [Buy AUO, Make C (for C) [Make HCP (for HCP) [Buy H2O, Buy NS]]], Make CU (for CU) [Buy CUO, Buy O, Buy SIO]",9.212513278
LHP,LHP,"Make AL (for AL) [Buy ALO, Buy C, Buy FLX, Buy O], Buy HE",162.1752587
RHP,RHP,"Make AL (for AL) [Buy ALO, Buy C, Buy FLX, Buy O], Buy HE, Make TI (for TI) [Make C (for C) [Make HCP (for HCP) [Buy H2O, Buy NS]], Buy O, Buy TIO]",-53.12959606
NR,NR,"Make EPO (for EPO) [Buy C, Buy CL, Buy H, Buy O], Buy NCS",207.6741724
PSM,PSM,"Make PG (for PG) [Buy C, Buy H, Buy MG]",185.1881937
PSS,PSS,"Make PG (for PG) [Buy C, Buy H, Buy MG]",168.434267
DEC,DEC,"Make EPO (for EPO) [Buy C, Buy CL, Buy H, Buy O], Make PG (for PG) [Buy C, Buy H, Buy MG]",144.9805585
BDE,BDE_1,"Make PE (for PE) [Make C (for C) [Make HCP (for HCP) [Buy H2O, Buy NS]], Buy H]",132.8502192
BSE,BSE_1,"Make FE (for FE) [Make C (for C) [Make HCP (for HCP) [Buy H2O, Buy NS]], Buy FEO, Buy FLX, Buy O], Buy LST",73.33220902
BBH,BBH_1,"Make FE (for FE) [Make C (for C) [Make HCP (for HCP) [Buy H2O, Buy NS]], Buy FEO, Buy FLX, Buy O], Buy LST",85.21087878
LSE,LSE,"Make AL (for AL) [Buy ALO, Buy C, Buy FLX, Buy O], Make PG (for PG) [Buy C, Buy H, Buy MG]",165.190228
LBH,LBH,"Make AL (for AL) [Buy ALO, Buy C, Buy FLX, Buy O], Make PE (for PE) [Make C (for C) [Make HCP (for HCP) [Buy H2O, Buy NS]], Buy H]",189.3374208
AEF,AEF,"Buy NE, Make PG (for PG) [Buy C, Buy H, Buy MG]",182.0851763
PSL,PSL,"Make PG (for PG) [Buy C, Buy H, Buy MG]",172.3487557
MHL,MHL,"Make FE (for FE) [Make C (for C) [Make HCP (for HCP) [Buy H2O, Buy NS]], Buy FEO, Buy FLX, Buy O], Buy HE, Make I (for I) [Buy CLI]",157.454438
TRU,TRU,"Make AL (for AL) [Buy ALO, Buy C, Buy FLX, Buy O], Buy HE",138.2648588
CST,CST,"Make DW (for DW) [Buy H2O], Make NS (for NS) [Buy H2O, Buy LST, Buy N]",-27.44094979
FC,FC,"Make AL (for AL) [Buy ALO, Buy C, Buy FLX, Buy O], Make BSE (for BSE) [Make FE (for FE) [Make C (for C) [Make HCP (for HCP) [Buy H2O, Buy NS]], Buy FEO, Buy FLX, Buy O], Buy LST], Buy HE",84.26399181
BOS,BOS,"Buy AL, Buy BOR, Buy SI",689.2207436
CTF,CTF,"Buy O, Buy SI, Make WAL (for WAL) [Make AL (for AL) [Buy ALO, Buy C, Buy FLX, Buy O], Make W (for W) [Buy BTS]]",233.8578483
MFK,MFK,"Make STL (for STL) [Make FE (for FE) [Make C (for C) [Make HCP (for HCP) [Buy H2O, Buy NS]], Buy FEO, Buy FLX, Buy O], Buy O]",113.6636813
SWF,SWF,"Make AL (for AL) [Buy ALO, Buy C, Buy FLX, Buy O], Make SI (for SI) [Make C (for C) [Make HCP (for HCP) [Buy H2O, Buy NS]], Buy FLX, Buy O, Buy SIO]",181.3232366
SEA,SEA,"Make PG (for PG) [Buy C, Buy H, Buy MG], Buy S, Make SI (for SI) [Make C (for C) [Make HCP (for HCP) [Buy H2O, Buy NS]], Buy FLX, Buy O, Buy SIO]",178.6773685
TRN,TRN,"Buy AL, Buy SI",257.6080824
SUN,SUN,"Make C (for C) [Make HCP (for HCP) [Buy H2O, Buy NS]], Make OVE (for OVE) [Make PE (for PE) [Make C (for C) [Make HCP (for HCP) [Buy H2O, Buy NS]], Buy H], Buy RCO]",147.9691652
LCR,LCR,"Buy O, Make SI (for SI) [Make C (for C) [Make HCP (for HCP) [Buy H2O, Buy NS]], Buy FLX, Buy O, Buy SIO]",-11.6716576
MED,MED,"Make AL (for AL) [Buy ALO, Buy C, Buy FLX, Buy O], Make COT (for COT) [Buy RCO], Buy HER, Make PE (for PE) [Make C (for C) [Make HCP (for HCP) [Buy H2O, Buy NS]], Buy H]",189.0278045
HMS,HMS,"Buy GC, Make IND (for IND) [Buy CU, Buy MG, Buy S], Buy NL",292.243459
NFI,NFI,"Buy C, Make SI (for SI) [Make C (for C) [Make HCP (for HCP) [Buy H2O, Buy NS]], Buy FLX, Buy O, Buy SIO]",204.7679079
CAP,CAP,"Make FE (for FE) [Make C (for C) [Make HCP (for HCP) [Buy H2O, Buy NS]], Buy FEO, Buy FLX, Buy O], Make SI (for SI) [Make C (for C) [Make HCP (for HCP) [Buy H2O, Buy NS]], Buy FLX, Buy O, Buy SIO]",39.64213864
LDI,LDI,"Buy GAL, Make SI (for SI) [Make C (for C) [Make HCP (for HCP) [Buy H2O, Buy NS]], Buy FLX, Buy O, Buy SIO]",-243.8686621
CBS,CBS,"Buy BCO, Make BE (for BE) [Buy BER], Buy LI, Buy PG",314.3283323
CF,CF,"Make AL (for AL) [Buy ALO, Buy C, Buy FLX, Buy O], Buy O, Make SI (for SI) [Make C (for C) [Make HCP (for HCP) [Buy H2O, Buy NS]], Buy FLX, Buy O, Buy SIO]",100.8405758
MWF,MWF,"Make AL (for AL) [Buy ALO, Buy C, Buy FLX, Buy O], Make SI (for SI) [Make C (for C) [Make HCP (for HCP) [Buy H2O, Buy NS]], Buy FLX, Buy O, Buy SIO]",-405.1538563
SOL,SOL,"Make BCO (for BCO) [Buy CU, Make PE (for PE) [Make C (for C) [Make HCP (for HCP) [Buy H2O, Buy NS]], Buy H]], Make BRO (for BRO) [Make AL (for AL) [Buy ALO, Buy C, Buy FLX, Buy O], Make CU (for CU) [Buy CUO, Buy O, Buy SIO]], Make CU (for CU) [Buy CUO, Buy O, Buy SIO], Make SI (for SI) [Make C (for C) [Make HCP (for HCP) [Buy H2O, Buy NS]], Buy FLX, Buy O, Buy SIO]",145.1667052
UTS,UTS,"Make FE (for FE) [Make C (for C) [Make HCP (for HCP) [Buy H2O, Buy NS]], Buy FEO, Buy FLX, Buy O], Make SFK (for SFK) [Buy FE]",46.98737692
DCS,DCS,"Buy PG, Buy PSS, Make SFK (for SFK) [Buy FE]",319.3471194
HCC,HCC,"Make PE (for PE) [Make C (for C) [Make HCP (for HCP) [Buy H2O, Buy NS]], Buy H], Buy RGO",163.078644
BFR,BFR,"Make AL (for AL) [Buy ALO, Buy C, Buy FLX, Buy O], Make STL (for STL) [Make FE (for FE) [Make C (for C) [Make HCP (for HCP) [Buy H2O, Buy NS]], Buy FEO, Buy FLX, Buy O], Buy O]",74.5371997
BGC,BGC,"Make BGO (for BGO) [Make AU (for AU) [Buy AUO, Make C (for C) [Make HCP (for HCP) [Buy H2O, Buy NS]]], Buy FE], Make PE (for PE) [Make C (for C) [Make HCP (for HCP) [Buy H2O, Buy NS]], Buy H]",160.0974042
DCM,DCM,"Buy PG, Buy PSM, Make SFK (for SFK) [Buy FE]",365.4012749
VIT,VIT,"Buy AMM, Buy CA, Make DW (for DW) [Buy H2O], Make I (for I) [Buy CLI], Buy PIB",154.1703098
WIN,WIN,"Buy AMM, Make DW (for DW) [Buy H2O], Make GRA (for GRA) [Buy DDT, Buy H2O, Make SOI (for SOI) [Buy BRM, Buy CLI]], Buy REA",98.50000475
GIN,GIN,"Buy AMM, Make DW (for DW) [Buy H2O], Buy ES, Buy GRN",231.4654182
ALE,ALE,"Buy AMM, Make DW (for DW) [Buy H2O], Buy GRN, Make HOP (for HOP) [Buy DDT, Buy H2O, Buy SOI]",223.8643671
KOM,KOM,"Buy AMM, Make DW (for DW) [Buy H2O], Buy HER",183.3226998
COF,COF,"Make CAF (for CAF) [Buy H2O, Buy NS], Make DW (for DW) [Buy H2O]",172.1218737
FIM,FIM,"Make HER (for HER) [Make DDT (for DDT) [Make C (for C) [Make HCP (for HCP) [Buy H2O, Buy NS]], Make CL (for CL) [Buy H2O, Buy HAL], Buy H], Buy H2O], Make RAT (for RAT) [Make ALG (for ALG) [Buy H2O, Buy NS], Buy GRN, Buy VEG]",119.6824959
FLO,FLO,"Make AL (for AL) [Buy ALO, Buy C, Buy FLX, Buy O], Make STL (for STL) [Make FE (for FE) [Make C (for C) [Make HCP (for HCP) [Buy H2O, Buy NS]], Buy FEO, Buy FLX, Buy O], Buy O]",141.8893005
LFP,LFP,"Make PG (for PG) [Buy C, Buy H, Buy MG], Make SFK (for SFK) [Buy FE], Make THF (for THF) [Buy AMM, Buy H2O, Buy NA]",-27.22292852
BHP,BHP,"Make AL (for AL) [Buy ALO, Buy C, Buy FLX, Buy O], Buy HE, Make STL (for STL) [Make FE (for FE) [Make C (for C) [Make HCP (for HCP) [Buy H2O, Buy NS]], Buy FEO, Buy FLX, Buy O], Buy O]",93.27168196
HHP,HHP,"Make AL (for AL) [Buy ALO, Buy C, Buy FLX, Buy O], Make AST (for AST) [Make AL (for AL) [Buy ALO, Buy C, Buy FLX, Buy O], Make TI (for TI) [Make C (for C) [Make HCP (for HCP) [Buy H2O, Buy NS]], Buy O, Buy TIO]], Buy HE",78.25249903
TK,TK,"Make KV (for KV) [Buy PG, Buy TCL], Make TC (for TC) [Buy TCO]",12.15704342
AHP,AHP,"Make AL (for AL) [Buy ALO, Buy C, Buy FLX, Buy O], Make FET (for FET) [Make FE (for FE) [Make C (for C) [Make HCP (for HCP) [Buy H2O, Buy NS]], Buy FEO, Buy FLX, Buy O], Buy TI], Buy HE",-52.57851824
BND,BND,"Make NL (for NL) [Make PG (for PG) [Buy C, Buy H, Buy MG]], Make SIL (for SIL) [Make RSI (for RSI) [Buy H2O, Make HCP (for HCP) [Buy H2O, Buy NS], Make NS (for NS) [Buy H2O, Buy LST, Buy N]]]",27.94283117
LDE,LDE,"Make AL (for AL) [Buy ALO, Buy C, Buy FLX, Buy O], Make NL (for NL) [Make PG (for PG) [Buy C, Buy H, Buy MG]]",169.8629503
RBH,RBH,"Buy BBH, Make EPO (for EPO) [Buy C, Buy CL, Buy H, Buy O], Make STL (for STL) [Make FE (for FE) [Make C (for C) [Make HCP (for HCP) [Buy H2O, Buy NS]], Buy FEO, Buy FLX, Buy O], Buy O]",179.1403329
RSE,RSE,"Buy BSE, Make EPO (for EPO) [Buy C, Buy CL, Buy H, Buy O], Make STL (for STL) [Make FE (for FE) [Make C (for C) [Make HCP (for HCP) [Buy H2O, Buy NS]], Buy FEO, Buy FLX, Buy O], Buy O]",193.0507227
HSE,HSE,"Buy LSE, Buy TCS",328.7168333
RSH,RSH,"Buy LST, Buy STL, Make TA (for TA) [Buy TAI]",225.1249179
BRP,BRP,"Make KV (for KV) [Buy PG, Buy TCL], Buy LST",69.23328802
BGS,BGS,"Make FAL (for FAL) [Buy AL, Buy FE], Make KV (for KV) [Buy PG, Buy TCL], Make PG (for PG) [Buy C, Buy H, Buy MG]",244.1359616
HAB,HAB,"Make BBH (for BBH) [Make FE (for FE) [Make C (for C) [Make HCP (for HCP) [Buy H2O, Buy NS]], Buy FEO, Buy FLX, Buy O], Buy LST], Make BDE (for BDE) [Make PE (for PE) [Make C (for C) [Make HCP (for HCP) [Buy H2O, Buy NS]], Buy H]], Make BSE (for BSE) [Make FE (for FE) [Make C (for C) [Make HCP (for HCP) [Buy H2O, Buy NS]], Buy FEO, Buy FLX, Buy O], Buy LST], Make SOI (for SOI) [Buy BRM, Buy CLI]",-778.475477
PCB,PCB,"Buy BCO, Buy BGO, Buy PE, Buy SWF",495.2352979
TPU,TPU,"Buy CAP, Buy HCC, Buy MWF, Make TRN (for TRN) [Buy AL, Buy SI]",248.0397448
SEN,SEN,"Buy H, Buy N, Buy TRN",401.4080167
RAD,RAD,"Buy DCS, Make POW (for POW) [Buy LI, Buy NCS], Buy SFK",531.227632
TRA,TRA,"Make CAP (for CAP) [Make FE (for FE) [Make C (for C) [Make HCP (for HCP) [Buy H2O, Buy NS]], Buy FEO, Buy FLX, Buy O], Make SI (for SI) [Make C (for C) [Make HCP (for HCP) [Buy H2O, Buy NS]], Buy FLX, Buy O, Buy SIO]], Make SWF (for SWF) [Make AL (for AL) [Buy ALO, Buy C, Buy FLX, Buy O], Make SI (for SI) [Make C (for C) [Make HCP (for HCP) [Buy H2O, Buy NS]], Buy FLX, Buy O, Buy SIO]], Make TRN (for TRN) [Buy AL, Buy SI]",-209.9322608
EXO,EXO_2,"Make AL (for AL) [Buy ALO, Buy C, Buy FLX, Buy O], Make OVE (for OVE) [Make PE (for PE) [Make C (for C) [Make HCP (for HCP) [Buy H2O, Buy NS]], Buy H], Buy RCO], Make SWF (for SWF) [Make AL (for AL) [Buy ALO, Buy C, Buy FLX, Buy O], Make SI (for SI) [Make C (for C) [Make HCP (for HCP) [Buy H2O, Buy NS]], Buy FLX, Buy O, Buy SIO]]",179.4799206
REP,REP,"Make INS (for INS) [Buy AR, Buy PE, Buy THF], Buy MFK, Make SFK (for SFK) [Buy FE]",212.8259494
PT,PT_1,"Make STL (for STL) [Make FE (for FE) [Make C (for C) [Make HCP (for HCP) [Buy H2O, Buy NS]], Buy FEO, Buy FLX, Buy O], Buy O], Make TRN (for TRN) [Buy AL, Buy SI]",151.0116842
SFE,SFE,"Make CBS (for CBS) [Buy BCO, Make BE (for BE) [Buy BER], Buy LI, Buy PG], Make CF (for CF) [Make AL (for AL) [Buy ALO, Buy C, Buy FLX, Buy O], Buy O, Make SI (for SI) [Make C (for C) [Make HCP (for HCP) [Buy H2O, Buy NS]], Buy FLX, Buy O, Buy SIO]]",85.04473707
CBM,CBM,"Make BE (for BE) [Buy BER], Buy BGC, Make LI (for LI) [Buy HAL, Buy LIO], Make PG (for PG) [Buy C, Buy H, Buy MG]",212.651973
DRF,DRF_1,"Make DCS (for DCS) [Buy PG, Buy PSS, Make SFK (for SFK) [Buy FE]], Make NFI (for NFI) [Buy C, Make SI (for SI) [Make C (for C) [Make HCP (for HCP) [Buy H2O, Buy NS]], Buy FLX, Buy O, Buy SIO]]",314.6167734
MPC,MPC,"Make BCO (for BCO) [Buy CU, Make PE (for PE) [Make C (for C) [Make HCP (for HCP) [Buy H2O, Buy NS]], Buy H]], Buy SWF, Make TRN (for TRN) [Buy AL, Buy SI]",254.5233146
CBL,CBL,"Make BE (for BE) [Buy BER], Make HCC (for HCC) [Make PE (for PE) [Make C (for C) [Make HCP (for HCP) [Buy H2O, Buy NS]], Buy H], Buy RGO], Make LI (for LI) [Buy HAL, Buy LIO], Make PG (for PG) [Buy C, Buy H, Buy MG]",180.9026606
DCL,DCL,"Buy MFK, Make PG (for PG) [Buy C, Buy H, Buy MG], Make PSL (for PSL) [Make PG (for PG) [Buy C, Buy H, Buy MG]]",156.3920376
FAN,FAN,"Make AL (for AL) [Buy ALO, Buy C, Buy FLX, Buy O], Make DCS (for DCS) [Buy PG, Buy PSS, Make SFK (for SFK) [Buy FE]], Make SFK (for SFK) [Buy FE]",181.577576
MEA,MEA,"Make FIM (for FIM) [Make HER (for HER) [Make DDT (for DDT) [Make C (for C) [Make HCP (for HCP) [Buy H2O, Buy NS]], Make CL (for CL) [Buy H2O, Buy HAL], Buy H], Buy H2O], Make RAT (for RAT) [Make ALG (for ALG) [Buy H2O, Buy NS], Buy GRN, Buy VEG]], Make MTP (for MTP) [Make HCP (for HCP) [Buy H2O, Buy NS], Make NS (for NS) [Buy H2O, Buy LST, Buy N], Make PPA (for PPA) [Make ALG (for ALG) [Buy H2O, Buy NS], Buy BEA, Buy H2O]]",134.3320887
ATP,ATP,"Make BOS (for BOS) [Buy AL, Buy BOR, Buy SI], Make CTF (for CTF) [Buy O, Buy SI, Make WAL (for WAL) [Make AL (for AL) [Buy ALO, Buy C, Buy FLX, Buy O], Make W (for W) [Buy BTS]]], Buy HE",-93.46640681
BWH,BWH,"Make CF (for CF) [Make AL (for AL) [Buy ALO, Buy C, Buy FLX, Buy O], Buy O, Make SI (for SI) [Make C (for C) [Make HCP (for HCP) [Buy H2O, Buy NS]], Buy FLX, Buy O, Buy SIO]], Make FAL (for FAL) [Buy AL, Buy FE], Buy HE, Make KV (for KV) [Buy PG, Buy TCL]",-6859.277442
AWH,AWH,"Make CTF (for CTF) [Buy O, Buy SI, Make WAL (for WAL) [Make AL (for AL) [Buy ALO, Buy C, Buy FLX, Buy O], Make W (for W) [Buy BTS]]], Buy HE, Make TI (for TI) [Make C (for C) [Make HCP (for HCP) [Buy H2O, Buy NS]], Buy O, Buy TIO], Make TK (for TK) [Make KV (for KV) [Buy PG, Buy TCL], Make TC (for TC) [Buy TCO]]",111.9213117
VG,VG,"Buy BAC, Make BL (for BL) [Buy F, Buy O], Buy REA, Buy VIT",289.8211814
JUI,JUI,"Make BL (for BL) [Buy F, Buy O], Make CST (for CST) [Make DW (for DW) [Buy H2O], Make NS (for NS) [Buy H2O, Buy LST, Buy N]], Buy HEX, Buy PK",-5283.824743
RAM,RAM,"Make BCO (for BCO) [Buy CU, Make PE (for PE) [Make C (for C) [Make HCP (for HCP) [Buy H2O, Buy NS]], Buy H]], Buy CAP, Make PSS (for PSS) [Make PG (for PG) [Buy C, Buy H, Buy MG]]",185.6441851
PBU,PBU,"Make COF (for COF) [Make CAF (for CAF) [Buy H2O, Buy NS], Make DW (for DW) [Buy H2O]], Make DW (for DW) [Buy H2O], Make OVE (for OVE) [Make PE (for PE) [Make C (for C) [Make HCP (for HCP) [Buy H2O, Buy NS]], Buy H], Buy RCO], Make PE (for PE) [Make C (for C) [Make HCP (for HCP) [Buy H2O, Buy NS]], Buy H], Make PWO (for PWO) [Make COT (for COT) [Buy RCO], Make PG (for PG) [Buy C, Buy H, Buy MG]], Make RAT (for RAT) [Make ALG (for ALG) [Buy H2O, Buy NS], Buy GRN, Buy VEG]",174.2720728
TBU,TBU,"Make ALE (for ALE) [Buy AMM, Make DW (for DW) [Buy H2O], Buy GRN, Make HOP (for HOP) [Buy DDT, Buy H2O, Buy SOI]], Make DW (for DW) [Buy H2O], Make HMS (for HMS) [Buy GC, Make IND (for IND) [Buy CU, Buy MG, Buy S], Buy NL], Buy MED, Buy PE, Buy PSS, Buy RAT, Buy SC, Make SCN (for SCN) [Buy CU, Make PE (for PE) [Make C (for C) [Make HCP (for HCP) [Buy H2O, Buy NS]], Buy H]]",233.0875613
RDE,RDE,"Make EPO (for EPO) [Buy C, Buy CL, Buy H, Buy O], Make KV (for KV) [Buy PG, Buy TCL], Buy LDE",228.0428002
MGC,MGC,"Make LDE (for LDE) [Make AL (for AL) [Buy ALO, Buy C, Buy FLX, Buy O], Make NL (for NL) [Make PG (for PG) [Buy C, Buy H, Buy MG]]], Buy MAG",-276.4577071
PSH,PSH,"Make NFI (for NFI) [Buy C, Make SI (for SI) [Make C (for C) [Make HCP (for HCP) [Buy H2O, Buy NS]], Buy FLX, Buy O, Buy SIO]], Buy TI",180.4263978
THP,THP,"Make BE (for BE) [Buy BER], Make CF (for CF) [Make AL (for AL) [Buy ALO, Buy C, Buy FLX, Buy O], Buy O, Make SI (for SI) [Make C (for C) [Make HCP (for HCP) [Buy H2O, Buy NS]], Buy FLX, Buy O, Buy SIO]], Buy HE",122.0634809
ASE,ASE,"Buy RSE, Buy TI",524.9850289
ADE,ADE,"Buy KV, Buy LDE",610.4107143
ABH,ABH,"Make NR (for NR) [Make EPO (for EPO) [Buy C, Buy CL, Buy H, Buy O], Buy NCS], Buy RBH",234.7039803
ROM,ROM,"Buy BGC, Make PSS (for PSS) [Make PG (for PG) [Buy C, Buy H, Buy MG]], Make SI (for SI) [Make C (for C) [Make HCP (for HCP) [Buy H2O, Buy NS]], Buy FLX, Buy O, Buy SIO]",194.9524033
WCB,WCB,"Buy AST, Buy FET, Buy MFK",1451.554642
MCB,MCB,"Make AST (for AST) [Make AL (for AL) [Buy ALO, Buy C, Buy FLX, Buy O], Make TI (for TI) [Make C (for C) [Make HCP (for HCP) [Buy H2O, Buy NS]], Buy O, Buy TIO]], Make MFK (for MFK) [Make STL (for STL) [Make FE (for FE) [Make C (for C) [Make HCP (for HCP) [Buy H2O, Buy NS]], Buy FEO, Buy FLX, Buy O], Buy O]]",-7410.712568
MFL,MFL,"Make MFK (for MFK) [Make STL (for STL) [Make FE (for FE) [Make C (for C) [Make HCP (for HCP) [Buy H2O, Buy NS]], Buy FEO, Buy FLX, Buy O], Buy O]], Make ZR (for ZR) [Buy ZIR]",-4758.906001
LSL,LSL,"Make FET (for FET) [Make FE (for FE) [Make C (for C) [Make HCP (for HCP) [Buy H2O, Buy NS]], Buy FEO, Buy FLX, Buy O], Buy TI], Make MFK (for MFK) [Make STL (for STL) [Make FE (for FE) [Make C (for C) [Make HCP (for HCP) [Buy H2O, Buy NS]], Buy FEO, Buy FLX, Buy O], Buy O]]",-10030.62035
LCB,LCB,"Make AST (for AST) [Make AL (for AL) [Buy ALO, Buy C, Buy FLX, Buy O], Make TI (for TI) [Make C (for C) [Make HCP (for HCP) [Buy H2O, Buy NS]], Buy O, Buy TIO]], Make MFK (for MFK) [Make STL (for STL) [Make FE (for FE) [Make C (for C) [Make HCP (for HCP) [Buy H2O, Buy NS]], Buy FEO, Buy FLX, Buy O], Buy O]]",133.1421217
VCB,VCB,"Make FET (for FET) [Make FE (for FE) [Make C (for C) [Make HCP (for HCP) [Buy H2O, Buy NS]], Buy FEO, Buy FLX, Buy O], Buy TI], Make MFK (for MFK) [Make STL (for STL) [Make FE (for FE) [Make C (for C) [Make HCP (for HCP) [Buy H2O, Buy NS]], Buy FEO, Buy FLX, Buy O], Buy O]]",-18064.28982
TCB,TCB,"Make FE (for FE) [Make C (for C) [Make HCP (for HCP) [Buy H2O, Buy NS]], Buy FEO, Buy FLX, Buy O], Make MFK (for MFK) [Make STL (for STL) [Make FE (for FE) [Make C (for C) [Make HCP (for HCP) [Buy H2O, Buy NS]], Buy FEO, Buy FLX, Buy O], Buy O]]",-955.4224671
SSL,SSL,"Make MFK (for MFK) [Make STL (for STL) [Make FE (for FE) [Make C (for C) [Make HCP (for HCP) [Buy H2O, Buy NS]], Buy FEO, Buy FLX, Buy O], Buy O]], Make TI (for TI) [Make C (for C) [Make HCP (for HCP) [Buy H2O, Buy NS]], Buy O, Buy TIO]",132.2992094
LFL,LFL,"Buy MFK, Make ZR (for ZR) [Buy ZIR]",269.7775725
VSC,VSC,"Make FE (for FE) [Make C (for C) [Make HCP (for HCP) [Buy H2O, Buy NS]], Buy FEO, Buy FLX, Buy O], Make MFK (for MFK) [Make STL (for STL) [Make FE (for FE) [Make C (for C) [Make HCP (for HCP) [Buy H2O, Buy NS]], Buy FEO, Buy FLX, Buy O], Buy O]]",-1330.114907
SCB,SCB,"Make FAL (for FAL) [Buy AL, Buy FE], Make MFK (for MFK) [Make STL (for STL) [Make FE (for FE) [Make C (for C) [Make HCP (for HCP) [Buy H2O, Buy NS]], Buy FEO, Buy FLX, Buy O], Buy O]]",-4122.499803
MSL,MSL,"Buy FET, Buy MFK",397.7018278
SFL,SFL,"Make MFK (for MFK) [Make STL (for STL) [Make FE (for FE) [Make C (for C) [Make HCP (for HCP) [Buy H2O, Buy NS]], Buy FEO, Buy FLX, Buy O], Buy O]], Make ZR (for ZR) [Buy ZIR]",-3956.807086
HCB,HCB,"Make MFK (for MFK) [Make STL (for STL) [Make FE (for FE) [Make C (for C) [Make HCP (for HCP) [Buy H2O, Buy NS]], Buy FEO, Buy FLX, Buy O], Buy O]], Make WAL (for WAL) [Make AL (for AL) [Buy ALO, Buy C, Buy FLX, Buy O], Make W (for W) [Buy BTS]]",141.0884978
CHA,CHA,"Make BOS (for BOS) [Buy AL, Buy BOR, Buy SI], Make GV (for GV) [Make AL (for AL) [Buy ALO, Buy C, Buy FLX, Buy O], Buy HE], Buy HE",14.28129004
AGS,AGS,"Make AST (for AST) [Make AL (for AL) [Buy ALO, Buy C, Buy FLX, Buy O], Make TI (for TI) [Make C (for C) [Make HCP (for HCP) [Buy H2O, Buy NS]], Buy O, Buy TIO]], Make PG (for PG) [Buy C, Buy H, Buy MG], Make TK (for TK) [Make KV (for KV) [Buy PG, Buy TCL], Make TC (for TC) [Buy TCO]]",13.68290335
ARP,ARP,"Buy LST, Make TK (for TK) [Make KV (for KV) [Buy PG, Buy TCL], Make TC (for TC) [Buy TCO]]",-2361.066485
WOR,WOR,"Make PSL (for PSL) [Make PG (for PG) [Buy C, Buy H, Buy MG]], Make PSM (for PSM) [Make PG (for PG) [Buy C, Buy H, Buy MG]], Make UTS (for UTS) [Make FE (for FE) [Make C (for C) [Make HCP (for HCP) [Buy H2O, Buy NS]], Buy FEO, Buy FLX, Buy O], Make SFK (for SFK) [Buy FE]]",-1090.690955
SSC,SSC,"Make AL (for AL) [Buy ALO, Buy C, Buy FLX, Buy O], Buy HE, Make NFI (for NFI) [Buy C, Make SI (for SI) [Make C (for C) [Make HCP (for HCP) [Buy H2O, Buy NS]], Buy FLX, Buy O, Buy SIO]]",207.2936212
SAR,SAR,"Make PCB (for PCB) [Buy BCO, Buy BGO, Buy PE, Buy SWF], Make SEN (for SEN) [Buy H, Buy N, Buy TRN]",393.3645749
WAI,WAI,"Buy NN, Buy ROM",511.1666667
DA,DA,"Make LD (for LD), Buy ROM, Make SA (for SA), Make SAL (for SAL)",298.8088248
AAR,AAR,"Make AU (for AU) [Buy AUO, Make C (for C) [Make HCP (for HCP) [Buy H2O, Buy NS]]], Make KV (for KV) [Buy PG, Buy TCL], Make PCB (for PCB) [Buy BCO, Buy BGO, Buy PE, Buy SWF], Make SWF (for SWF) [Make AL (for AL) [Buy ALO, Buy C, Buy FLX, Buy O], Make SI (for SI) [Make C (for C) [Make HCP (for HCP) [Buy H2O, Buy NS]], Buy FLX, Buy O, Buy SIO]]",195.6128529
OS,OS,"Make LD (for LD), Buy ROM, Buy WM",244.9871131
HSS,HSS,"Make BLE (for BLE) [Make NAB (for NAB) [Buy BOR, Buy H, Buy NA], Buy O, Buy S], Make NL (for NL) [Make PG (for PG) [Buy C, Buy H, Buy MG]], Make PCB (for PCB) [Buy BCO, Buy BGO, Buy PE, Buy SWF], Make SEN (for SEN) [Buy H, Buy N, Buy TRN]",88.44957252
MFE,MFE,"Make CBM (for CBM) [Make BE (for BE) [Buy BER], Buy BGC, Make LI (for LI) [Buy HAL, Buy LIO], Make PG (for PG) [Buy C, Buy H, Buy MG]], Make CF (for CF) [Make AL (for AL) [Buy ALO, Buy C, Buy FLX, Buy O], Buy O, Make SI (for SI) [Make C (for C) [Make HCP (for HCP) [Buy H2O, Buy NS]], Buy FLX, Buy O, Buy SIO]]",20.6282348
DCH,DCH,"Make DRF (for DRF) [Make DCS (for DCS) [Buy PG, Buy PSS, Make SFK (for SFK) [Buy FE]], Make NFI (for NFI) [Buy C, Make SI (for SI) [Make C (for C) [Make HCP (for HCP) [Buy H2O, Buy NS]], Buy FLX, Buy O, Buy SIO]]], Make MPC (for MPC) [Make BCO (for BCO) [Buy CU, Make PE (for PE) [Make C (for C) [Make HCP (for HCP) [Buy H2O, Buy NS]], Buy H]], Buy SWF, Make TRN (for TRN) [Buy AL, Buy SI]], Make POW (for POW) [Buy LI, Buy NCS], Buy SOL",342.5101387
GL,GL_3,"Buy NA, Buy SIO",98.62398297
MHP,MHP,"Make PCB (for PCB) [Buy BCO, Buy BGO, Buy PE, Buy SWF], Make TRA (for TRA) [Make CAP (for CAP) [Make FE (for FE) [Make C (for C) [Make HCP (for HCP) [Buy H2O, Buy NS]], Buy FEO, Buy FLX, Buy O], Make SI (for SI) [Make C (for C) [Make HCP (for HCP) [Buy H2O, Buy NS]], Buy FLX, Buy O, Buy SIO]], Make SWF (for SWF) [Make AL (for AL) [Buy ALO, Buy C, Buy FLX, Buy O], Make SI (for SI) [Make C (for C) [Make HCP (for HCP) [Buy H2O, Buy NS]], Buy FLX, Buy O, Buy SIO]], Make TRN (for TRN) [Buy AL, Buy SI]]",60.49969752
MB,MB,"Make MPC (for MPC) [Make BCO (for BCO) [Buy CU, Make PE (for PE) [Make C (for C) [Make HCP (for HCP) [Buy H2O, Buy NS]], Buy H]], Buy SWF, Make TRN (for TRN) [Buy AL, Buy SI]], Buy PSM, Make RAM (for RAM) [Make BCO (for BCO) [Buy CU, Make PE (for PE) [Make C (for C) [Make HCP (for HCP) [Buy H2O, Buy NS]], Buy H]], Buy CAP, Make PSS (for PSS) [Make PG (for PG) [Buy C, Buy H, Buy MG]]], Make SFK (for SFK) [Buy FE]",210.3543856
LFE,LFE,"Buy CBL, Buy CTF",567.7761357
SBU,SBU,"Make DW (for DW) [Buy H2O], Buy EXO, Make KOM (for KOM) [Buy AMM, Make DW (for DW) [Buy H2O], Buy HER], Make PE (for PE) [Make C (for C) [Make HCP (for HCP) [Buy H2O, Buy NS]], Buy H], Buy PT, Make RAT (for RAT) [Make ALG (for ALG) [Buy H2O, Buy NS], Buy GRN, Buy VEG], Make REP (for REP) [Make INS (for INS) [Buy AR, Buy PE, Buy THF], Buy MFK, Make SFK (for SFK) [Buy FE]]",194.419159
TSH,TSH,"Make LBH (for LBH) [Make AL (for AL) [Buy ALO, Buy C, Buy FLX, Buy O], Make PE (for PE) [Make C (for C) [Make HCP (for HCP) [Buy H2O, Buy NS]], Buy H]], Make PE (for PE) [Make C (for C) [Make HCP (for HCP) [Buy H2O, Buy NS]], Buy H], Make THP (for THP) [Make BE (for BE) [Buy BER], Make CF (for CF) [Make AL (for AL) [Buy ALO, Buy C, Buy FLX, Buy O], Buy O, Make SI (for SI) [Make C (for C) [Make HCP (for HCP) [Buy H2O, Buy NS]], Buy FLX, Buy O, Buy SIO]], Buy HE]",187.4330813
NOZ,NOZ,"Make CHA (for CHA) [Make BOS (for BOS) [Buy AL, Buy BOR, Buy SI], Make GV (for GV) [Make AL (for AL) [Buy ALO, Buy C, Buy FLX, Buy O], Buy HE], Buy HE], Make FAL (for FAL) [Buy AL, Buy FE], Make MFK (for MFK) [Make STL (for STL) [Make FE (for FE) [Make C (for C) [Make HCP (for HCP) [Buy H2O, Buy NS]], Buy FEO, Buy FLX, Buy O], Buy O]]",-433.9999577
AFP,AFP,"Make ATP (for ATP) [Make BOS (for BOS) [Buy AL, Buy BOR, Buy SI], Make CTF (for CTF) [Buy O, Buy SI, Make WAL (for WAL) [Make AL (for AL) [Buy ALO, Buy C, Buy FLX, Buy O], Make W (for W) [Buy BTS]]], Buy HE], Make PG (for PG) [Buy C, Buy H, Buy MG], Make SFK (for SFK) [Buy FE]",-10085.43141
BFP,BFP,"Make PG (for PG) [Buy C, Buy H, Buy MG], Make SFK (for SFK) [Buy FE], Make THP (for THP) [Make BE (for BE) [Buy BER], Make CF (for CF) [Make AL (for AL) [Buy ALO, Buy C, Buy FLX, Buy O], Buy O, Make SI (for SI) [Make C (for C) [Make HCP (for HCP) [Buy H2O, Buy NS]], Buy FLX, Buy O, Buy SIO]], Buy HE]",-1873.534976
ANZ,ANZ,"Make CHA (for CHA) [Make BOS (for BOS) [Buy AL, Buy BOR, Buy SI], Make GV (for GV) [Make AL (for AL) [Buy ALO, Buy C, Buy FLX, Buy O], Buy HE], Buy HE], Make FET (for FET) [Make FE (for FE) [Make C (for C) [Make HCP (for HCP) [Buy H2O, Buy NS]], Buy FEO, Buy FLX, Buy O], Buy TI], Make MFK (for MFK) [Make STL (for STL) [Make FE (for FE) [Make C (for C) [Make HCP (for HCP) [Buy H2O, Buy NS]], Buy FEO, Buy FLX, Buy O], Buy O]]",-3533.483576
HNZ,HNZ,"Make CHA (for CHA) [Make BOS (for BOS) [Buy AL, Buy BOR, Buy SI], Make GV (for GV) [Make AL (for AL) [Buy ALO, Buy C, Buy FLX, Buy O], Buy HE], Buy HE], Make MFK (for MFK) [Make STL (for STL) [Make FE (for FE) [Make C (for C) [Make HCP (for HCP) [Buy H2O, Buy NS]], Buy FEO, Buy FLX, Buy O], Buy O]], Make WAL (for WAL) [Make AL (for AL) [Buy ALO, Buy C, Buy FLX, Buy O], Make W (for W) [Buy BTS]]",-3337.960845
APT,APT,"Make ATP (for ATP) [Make BOS (for BOS) [Buy AL, Buy BOR, Buy SI], Make CTF (for CTF) [Buy O, Buy SI, Make WAL (for WAL) [Make AL (for AL) [Buy ALO, Buy C, Buy FLX, Buy O], Make W (for W) [Buy BTS]]], Buy HE], Buy THF",321.7848394
BPT,BPT,"Make THF (for THF) [Buy AMM, Buy H2O, Buy NA], Make THP (for THP) [Make BE (for BE) [Buy BER], Make CF (for CF) [Make AL (for AL) [Buy ALO, Buy C, Buy FLX, Buy O], Buy O, Make SI (for SI) [Make C (for C) [Make HCP (for HCP) [Buy H2O, Buy NS]], Buy FLX, Buy O, Buy SIO]], Buy HE]",-1261.46219
BMF,BMF,"Buy DCL, Make FAN (for FAN) [Make AL (for AL) [Buy ALO, Buy C, Buy FLX, Buy O], Make DCS (for DCS) [Buy PG, Buy PSS, Make SFK (for SFK) [Buy FE]], Make SFK (for SFK) [Buy FE]], Make MB (for MB) [Make MPC (for MPC) [Make BCO (for BCO) [Buy CU, Make PE (for PE) [Make C (for C) [Make HCP (for HCP) [Buy H2O, Buy NS]], Buy H]], Buy SWF, Make TRN (for TRN) [Buy AL, Buy SI]], Buy PSM, Make RAM (for RAM) [Make BCO (for BCO) [Buy CU, Make PE (for PE) [Make C (for C) [Make HCP (for HCP) [Buy H2O, Buy NS]], Buy H]], Buy CAP, Make PSS (for PSS) [Make PG (for PG) [Buy C, Buy H, Buy MG]]], Make SFK (for SFK) [Buy FE]], Make TPU (for TPU) [Buy CAP, Buy HCC, Buy MWF, Make TRN (for TRN) [Buy AL, Buy SI]]",237.3408665
CRU,CRU,"Make CST (for CST) [Make DW (for DW) [Buy H2O], Make NS (for NS) [Buy H2O, Buy LST, Buy N]], Buy ES, Buy FC, Buy FLP, Make PCB (for PCB) [Buy BCO, Buy BGO, Buy PE, Buy SWF], Make SAR (for SAR) [Make PCB (for PCB) [Buy BCO, Buy BGO, Buy PE, Buy SWF], Make SEN (for SEN) [Buy H, Buy N, Buy TRN]], Make WAI (for WAI) [Buy NN, Buy ROM]",257.0801599
CC,CC,"Buy FC, Make GV (for GV) [Make AL (for AL) [Buy ALO, Buy C, Buy FLX, Buy O], Buy HE], Make PCB (for PCB) [Buy BCO, Buy BGO, Buy PE, Buy SWF], Make SAR (for SAR) [Make PCB (for PCB) [Buy BCO, Buy BGO, Buy PE, Buy SWF], Make SEN (for SEN) [Buy H, Buy N, Buy TRN]], Make THF (for THF) [Buy AMM, Buy H2O, Buy NA], Make WAI (for WAI) [Buy NN, Buy ROM]",187.3493089
STS,STS,"Make TPU (for TPU) [Buy CAP, Buy HCC, Buy MWF, Make TRN (for TRN) [Buy AL, Buy SI]], Make WAI (for WAI) [Buy NN, Buy ROM]",-1388.97668
WR,WR,"Buy AWF, Buy FC, Buy FLP, Make PCB (for PCB) [Buy BCO, Buy BGO, Buy PE, Buy SWF], Make SEN (for SEN) [Buy H, Buy N, Buy TRN], Make WAI (for WAI) [Buy NN, Buy ROM]",343.2473258
AIR,AIR,"Buy BAC, Buy FC, Buy GV, Buy H2O, Buy HCP, Buy NS, Make PCB (for PCB) [Buy BCO, Buy BGO, Buy PE, Buy SWF], Buy SAR, Make WAI (for WAI) [Buy NN, Buy ROM]",514.343924
ACS,ACS,"Buy FC, Make SAR (for SAR) [Make PCB (for PCB) [Buy BCO, Buy BGO, Buy PE, Buy SWF], Make SEN (for SEN) [Buy H, Buy N, Buy TRN]], Buy THF, Make WAI (for WAI) [Buy NN, Buy ROM]",255.7322
BSC,BSC,"Buy DCM, Buy MFK, Buy SAR",463.4593708
RED,RED,"Make DCH (for DCH) [Make DRF (for DRF) [Make DCS (for DCS) [Buy PG, Buy PSS, Make SFK (for SFK) [Buy FE]], Make NFI (for NFI) [Buy C, Make SI (for SI) [Make C (for C) [Make HCP (for HCP) [Buy H2O, Buy NS]], Buy FLX, Buy O, Buy SIO]]], Make MPC (for MPC) [Make BCO (for BCO) [Buy CU, Make PE (for PE) [Make C (for C) [Make HCP (for HCP) [Buy H2O, Buy NS]], Buy H]], Buy SWF, Make TRN (for TRN) [Buy AL, Buy SI]], Make POW (for POW) [Buy LI, Buy NCS], Buy SOL], Make SAR (for SAR) [Make PCB (for PCB) [Buy BCO, Buy BGO, Buy PE, Buy SWF], Make SEN (for SEN) [Buy H, Buy N, Buy TRN]]",350.0478192
SRD,SRD,"Make DCH (for DCH) [Make DRF (for DRF) [Make DCS (for DCS) [Buy PG, Buy PSS, Make SFK (for SFK) [Buy FE]], Make NFI (for NFI) [Buy C, Make SI (for SI) [Make C (for C) [Make HCP (for HCP) [Buy H2O, Buy NS]], Buy FLX, Buy O, Buy SIO]]], Make MPC (for MPC) [Make BCO (for BCO) [Buy CU, Make PE (for PE) [Make C (for C) [Make HCP (for HCP) [Buy H2O, Buy NS]], Buy H]], Buy SWF, Make TRN (for TRN) [Buy AL, Buy SI]], Make POW (for POW) [Buy LI, Buy NCS], Buy SOL], Make SAR (for SAR) [Make PCB (for PCB) [Buy BCO, Buy BGO, Buy PE, Buy SWF], Make SEN (for SEN) [Buy H, Buy N, Buy TRN]], Buy UTS",350.0478192
SP,SP,"Make GL (for GL) [Buy NA, Buy SIO], Make SOL (for SOL) [Make BCO (for BCO) [Buy CU, Make PE (for PE) [Make C (for C) [Make HCP (for HCP) [Buy H2O, Buy NS]], Buy H]], Make BRO (for BRO) [Make AL (for AL) [Buy ALO, Buy C, Buy FLX, Buy O], Make CU (for CU) [Buy CUO, Buy O, Buy SIO]], Make CU (for CU) [Buy CUO, Buy O, Buy SIO], Make SI (for SI) [Make C (for C) [Make HCP (for HCP) [Buy H2O, Buy NS]], Buy FLX, Buy O, Buy SIO]]",133.2936767
NG,NG,"Make GL (for GL) [Buy NA, Buy SIO], Make NCS (for NCS) [Make C (for C) [Make HCP (for HCP) [Buy H2O, Buy NS]]]",59.34731715
DIS,DIS,"Make GL (for GL) [Buy NA, Buy SIO], Make LCR (for LCR) [Buy O, Make SI (for SI) [Make C (for C) [Make HCP (for HCP) [Buy H2O, Buy NS]], Buy FLX, Buy O, Buy SIO]]",-236.0415527
RG,RG_1,"Buy GL, Make PG (for PG) [Buy C, Buy H, Buy MG], Make SEN (for SEN) [Buy H, Buy N, Buy TRN]",193.3392445
TUB,TUB,"Make GL (for GL) [Buy NA, Buy SIO]",-361.8537949
BTA,BTA_1,"Make FE (for FE) [Make C (for C) [Make HCP (for HCP) [Buy H2O, Buy NS]], Buy FEO, Buy FLX, Buy O], Make PE (for PE) [Make C (for C) [Make HCP (for HCP) [Buy H2O, Buy NS]], Buy H]",89.27289575
LTA,LTA,"Make AL (for AL) [Buy ALO, Buy C, Buy FLX, Buy O], Make GL (for GL) [Buy NA, Buy SIO]",147.6040135
IMM,IMM,"Make DA (for DA) [Make LD (for LD), Buy ROM, Make SA (for SA), Make SAL (for SAL)], Buy DD",286.7051001
BRS,BRS,"Buy PSL, Buy PSM, Make RAD (for RAD) [Buy DCS, Make POW (for POW) [Buy LI, Buy NCS], Buy SFK], Make SAR (for SAR) [Make PCB (for PCB) [Buy BCO, Buy BGO, Buy PE, Buy SWF], Make SEN (for SEN) [Buy H, Buy N, Buy TRN]], Buy TI",321.2897137
SNM,SNM,"Make DV (for DV), Make IMM (for IMM) [Make DA (for DA) [Make LD (for LD), Buy ROM, Make SA (for SA), Make SAL (for SAL)], Buy DD], Make WAI (for WAI) [Buy NN, Buy ROM]",124.562679
TAC,TAC,"Buy BMF, Buy DA, Make SA (for SA)",347.9411956
LOG,LOG,"Buy BMF, Buy LD, Make SAL (for SAL)",347.9747337
LIS,LIS,"Make AIR (for AIR) [Buy BAC, Buy FC, Buy GV, Buy H2O, Buy HCP, Buy NS, Make PCB (for PCB) [Buy BCO, Buy BGO, Buy PE, Buy SWF], Buy SAR, Make WAI (for WAI) [Buy NN, Buy ROM]], Make BMF (for BMF) [Buy DCL, Make FAN (for FAN) [Make AL (for AL) [Buy ALO, Buy C, Buy FLX, Buy O], Make DCS (for DCS) [Buy PG, Buy PSS, Make SFK (for SFK) [Buy FE]], Make SFK (for SFK) [Buy FE]], Make MB (for MB) [Make MPC (for MPC) [Make BCO (for BCO) [Buy CU, Make PE (for PE) [Make C (for C) [Make HCP (for HCP) [Buy H2O, Buy NS]], Buy H]], Buy SWF, Make TRN (for TRN) [Buy AL, Buy SI]], Buy PSM, Make RAM (for RAM) [Make BCO (for BCO) [Buy CU, Make PE (for PE) [Make C (for C) [Make HCP (for HCP) [Buy H2O, Buy NS]], Buy H]], Buy CAP, Make PSS (for PSS) [Make PG (for PG) [Buy C, Buy H, Buy MG]]], Make SFK (for SFK) [Buy FE]], Make TPU (for TPU) [Buy CAP, Buy HCC, Buy MWF, Make TRN (for TRN) [Buy AL, Buy SI]]], Make WAI (for WAI) [Buy NN, Buy ROM], Make WR (for WR) [Buy AWF, Buy FC, Buy FLP, Make PCB (for PCB) [Buy BCO, Buy BGO, Buy PE, Buy SWF], Make SEN (for SEN) [Buy H, Buy N, Buy TRN], Make WAI (for WAI) [Buy NN, Buy ROM]]",237.2362328
FFC,FFC,"Make BMF (for BMF) [Buy DCL, Make FAN (for FAN) [Make AL (for AL) [Buy ALO, Buy C, Buy FLX, Buy O], Make DCS (for DCS) [Buy PG, Buy PSS, Make SFK (for SFK) [Buy FE]], Make SFK (for SFK) [Buy FE]], Make MB (for MB) [Make MPC (for MPC) [Make BCO (for BCO) [Buy CU, Make PE (for PE) [Make C (for C) [Make HCP (for HCP) [Buy H2O, Buy NS]], Buy H]], Buy SWF, Make TRN (for TRN) [Buy AL, Buy SI]], Buy PSM, Make RAM (for RAM) [Make BCO (for BCO) [Buy CU, Make PE (for PE) [Make C (for C) [Make HCP (for HCP) [Buy H2O, Buy NS]], Buy H]], Buy CAP, Make PSS (for PSS) [Make PG (for PG) [Buy C, Buy H, Buy MG]]], Make SFK (for SFK) [Buy FE]], Make TPU (for TPU) [Buy CAP, Buy HCC, Buy MWF, Make TRN (for TRN) [Buy AL, Buy SI]]], Make DA (for DA) [Make LD (for LD), Buy ROM, Make SA (for SA), Make SAL (for SAL)], Buy W, Make WAI (for WAI) [Buy NN, Buy ROM]",237.4493936
HD,HD,"Make DCS (for DCS) [Buy PG, Buy PSS, Make SFK (for SFK) [Buy FE]], Make LDI (for LDI) [Buy GAL, Make SI (for SI) [Make C (for C) [Make HCP (for HCP) [Buy H2O, Buy NS]], Buy FLX, Buy O, Buy SIO]], Make RG (for RG) [Buy GL, Make PG (for PG) [Buy C, Buy H, Buy MG], Make SEN (for SEN) [Buy H, Buy N, Buy TRN]]",55.99073398
CCD,CCD,"Make BSC (for BSC) [Buy DCM, Buy MFK, Buy SAR], Make DCH (for DCH) [Make DRF (for DRF) [Make DCS (for DCS) [Buy PG, Buy PSS, Make SFK (for SFK) [Buy FE]], Make NFI (for NFI) [Buy C, Make SI (for SI) [Make C (for C) [Make HCP (for HCP) [Buy H2O, Buy NS]], Buy FLX, Buy O, Buy SIO]]], Make MPC (for MPC) [Make BCO (for BCO) [Buy CU, Make PE (for PE) [Make C (for C) [Make HCP (for HCP) [Buy H2O, Buy NS]], Buy H]], Buy SWF, Make TRN (for TRN) [Buy AL, Buy SI]], Make POW (for POW) [Buy LI, Buy NCS], Buy SOL]",376.08543
SUD,SUD,"Make BSC (for BSC) [Buy DCM, Buy MFK, Buy SAR], Make DCH (for DCH) [Make DRF (for DRF) [Make DCS (for DCS) [Buy PG, Buy PSS, Make SFK (for SFK) [Buy FE]], Make NFI (for NFI) [Buy C, Make SI (for SI) [Make C (for C) [Make HCP (for HCP) [Buy H2O, Buy NS]], Buy FLX, Buy O, Buy SIO]]], Make MPC (for MPC) [Make BCO (for BCO) [Buy CU, Make PE (for PE) [Make C (for C) [Make HCP (for HCP) [Buy H2O, Buy NS]], Buy H]], Buy SWF, Make TRN (for TRN) [Buy AL, Buy SI]], Make POW (for POW) [Buy LI, Buy NCS], Buy SOL], Make SAR (for SAR) [Make PCB (for PCB) [Buy BCO, Buy BGO, Buy PE, Buy SWF], Make SEN (for SEN) [Buy H, Buy N, Buy TRN]]",252.0987043
CD,CD,"Make BCO (for BCO) [Buy CU, Make PE (for PE) [Make C (for C) [Make HCP (for HCP) [Buy H2O, Buy NS]], Buy H]], Make DIS (for DIS) [Make GL (for GL) [Buy NA, Buy SIO], Make LCR (for LCR) [Buy O, Make SI (for SI) [Make C (for C) [Make HCP (for HCP) [Buy H2O, Buy NS]], Buy FLX, Buy O, Buy SIO]]]",109.8510853
LIT,LIT,"Buy NE, Make RG (for RG) [Buy GL, Make PG (for PG) [Buy C, Buy H, Buy MG], Make SEN (for SEN) [Buy H, Buy N, Buy TRN]]",-627.7461094
GCH,GCH,"Make GV (for GV) [Make AL (for AL) [Buy ALO, Buy C, Buy FLX, Buy O], Buy HE], Make RG (for RG) [Buy GL, Make PG (for PG) [Buy C, Buy H, Buy MG], Make SEN (for SEN) [Buy H, Buy N, Buy TRN]]",-968.3902283
ADR,ADR,"Make BSC (for BSC) [Buy DCM, Buy MFK, Buy SAR], Make DCM (for DCM) [Buy PG, Buy PSM, Make SFK (for SFK) [Buy FE]], Buy MFK, Buy REA",335.1790246
RTA,RTA,"Make LTA (for LTA) [Make AL (for AL) [Buy ALO, Buy C, Buy FLX, Buy O], Make GL (for GL) [Buy NA, Buy SIO]], Make RG (for RG) [Buy GL, Make PG (for PG) [Buy C, Buy H, Buy MG], Make SEN (for SEN) [Buy H, Buy N, Buy TRN]]",151.4858797
AEN,AEN,"Make ACS (for ACS) [Buy FC, Make SAR (for SAR) [Make PCB (for PCB) [Buy BCO, Buy BGO, Buy PE, Buy SWF], Make SEN (for SEN) [Buy H, Buy N, Buy TRN]], Buy THF, Make WAI (for WAI) [Buy NN, Buy ROM]], Make AFP (for AFP) [Make ATP (for ATP) [Make BOS (for BOS) [Buy AL, Buy BOR, Buy SI], Make CTF (for CTF) [Buy O, Buy SI, Make WAL (for WAL) [Make AL (for AL) [Buy ALO, Buy C, Buy FLX, Buy O], Make W (for W) [Buy BTS]]], Buy HE], Make PG (for PG) [Buy C, Buy H, Buy MG], Make SFK (for SFK) [Buy FE]], Make ANZ (for ANZ) [Make CHA (for CHA) [Make BOS (for BOS) [Buy AL, Buy BOR, Buy SI], Make GV (for GV) [Make AL (for AL) [Buy ALO, Buy C, Buy FLX, Buy O], Buy HE], Buy HE], Make FET (for FET) [Make FE (for FE) [Make C (for C) [Make HCP (for HCP) [Buy H2O, Buy NS]], Buy FEO, Buy FLX, Buy O], Buy TI], Make MFK (for MFK) [Make STL (for STL) [Make FE (for FE) [Make C (for C) [Make HCP (for HCP) [Buy H2O, Buy NS]], Buy FEO, Buy FLX, Buy O], Buy O]]], Make FET (for FET) [Make FE (for FE) [Make C (for C) [Make HCP (for HCP) [Buy H2O, Buy NS]], Buy FEO, Buy FLX, Buy O], Buy TI], Make MFK (for MFK) [Make STL (for STL) [Make FE (for FE) [Make C (for C) [Make HCP (for HCP) [Buy H2O, Buy NS]], Buy FEO, Buy FLX, Buy O], Buy O]]",-2736.054937
ENG,ENG,"Make ACS (for ACS) [Buy FC, Make SAR (for SAR) [Make PCB (for PCB) [Buy BCO, Buy BGO, Buy PE, Buy SWF], Make SEN (for SEN) [Buy H, Buy N, Buy TRN]], Buy THF, Make WAI (for WAI) [Buy NN, Buy ROM]], Buy AST, Make BFP (for BFP) [Make PG (for PG) [Buy C, Buy H, Buy MG], Make SFK (for SFK) [Buy FE], Make THP (for THP) [Make BE (for BE) [Buy BER], Make CF (for CF) [Make AL (for AL) [Buy ALO, Buy C, Buy FLX, Buy O], Buy O, Make SI (for SI) [Make C (for C) [Make HCP (for HCP) [Buy H2O, Buy NS]], Buy FLX, Buy O, Buy SIO]], Buy HE]], Buy MFK, Make NOZ (for NOZ) [Make CHA (for CHA) [Make BOS (for BOS) [Buy AL, Buy BOR, Buy SI], Make GV (for GV) [Make AL (for AL) [Buy ALO, Buy C, Buy FLX, Buy O], Buy HE], Buy HE], Make FAL (for FAL) [Buy AL, Buy FE], Make MFK (for MFK) [Make STL (for STL) [Make FE (for FE) [Make C (for C) [Make HCP (for HCP) [Buy H2O, Buy NS]], Buy FEO, Buy FLX, Buy O], Buy O]]]",688.1405646
FSE,FSE,"Make ACS (for ACS) [Buy FC, Make SAR (for SAR) [Make PCB (for PCB) [Buy BCO, Buy BGO, Buy PE, Buy SWF], Make SEN (for SEN) [Buy H, Buy N, Buy TRN]], Buy THF, Make WAI (for WAI) [Buy NN, Buy ROM]], Buy BRO, Make LFP (for LFP) [Make PG (for PG) [Buy C, Buy H, Buy MG], Make SFK (for SFK) [Buy FE], Make THF (for THF) [Buy AMM, Buy H2O, Buy NA]], Buy MFK, Make NOZ (for NOZ) [Make CHA (for CHA) [Make BOS (for BOS) [Buy AL, Buy BOR, Buy SI], Make GV (for GV) [Make AL (for AL) [Buy ALO, Buy C, Buy FLX, Buy O], Buy HE], Buy HE], Make FAL (for FAL) [Buy AL, Buy FE], Make MFK (for MFK) [Make STL (for STL) [Make FE (for FE) [Make C (for C) [Make HCP (for HCP) [Buy H2O, Buy NS]], Buy FEO, Buy FLX, Buy O], Buy O]]]",245.6790825
HTE,HTE,"Make ACS (for ACS) [Buy FC, Make SAR (for SAR) [Make PCB (for PCB) [Buy BCO, Buy BGO, Buy PE, Buy SWF], Make SEN (for SEN) [Buy H, Buy N, Buy TRN]], Buy THF, Make WAI (for WAI) [Buy NN, Buy ROM]], Make AFP (for AFP) [Make ATP (for ATP) [Make BOS (for BOS) [Buy AL, Buy BOR, Buy SI], Make CTF (for CTF) [Buy O, Buy SI, Make WAL (for WAL) [Make AL (for AL) [Buy ALO, Buy C, Buy FLX, Buy O], Make W (for W) [Buy BTS]]], Buy HE], Make PG (for PG) [Buy C, Buy H, Buy MG], Make SFK (for SFK) [Buy FE]], Make HNZ (for HNZ) [Make CHA (for CHA) [Make BOS (for BOS) [Buy AL, Buy BOR, Buy SI], Make GV (for GV) [Make AL (for AL) [Buy ALO, Buy C, Buy FLX, Buy O], Buy HE], Buy HE], Make MFK (for MFK) [Make STL (for STL) [Make FE (for FE) [Make C (for C) [Make HCP (for HCP) [Buy H2O, Buy NS]], Buy FEO, Buy FLX, Buy O], Buy O]], Make WAL (for WAL) [Make AL (for AL) [Buy ALO, Buy C, Buy FLX, Buy O], Make W (for W) [Buy BTS]]], Make MFK (for MFK) [Make STL (for STL) [Make FE (for FE) [Make C (for C) [Make HCP (for HCP) [Buy H2O, Buy NS]], Buy FEO, Buy FLX, Buy O], Buy O]], Make WAL (for WAL) [Make AL (for AL) [Buy ALO, Buy C, Buy FLX, Buy O], Make W (for W) [Buy BTS]]",-1672.913199
RDS,RDS,"Make PSL (for PSL) [Make PG (for PG) [Buy C, Buy H, Buy MG]], Make PSM (for PSM) [Make PG (for PG) [Buy C, Buy H, Buy MG]], Make SRD (for SRD) [Make DCH (for DCH) [Make DRF (for DRF) [Make DCS (for DCS) [Buy PG, Buy PSS, Make SFK (for SFK) [Buy FE]], Make NFI (for NFI) [Buy C, Make SI (for SI) [Make C (for C) [Make HCP (for HCP) [Buy H2O, Buy NS]], Buy FLX, Buy O, Buy SIO]]], Make MPC (for MPC) [Make BCO (for BCO) [Buy CU, Make PE (for PE) [Make C (for C) [Make HCP (for HCP) [Buy H2O, Buy NS]], Buy H]], Buy SWF, Make TRN (for TRN) [Buy AL, Buy SI]], Make POW (for POW) [Buy LI, Buy NCS], Buy SOL], Make SAR (for SAR) [Make PCB (for PCB) [Buy BCO, Buy BGO, Buy PE, Buy SWF], Make SEN (for SEN) [Buy H, Buy N, Buy TRN]], Buy UTS]",-2394.83538
RDL,RDL,"Buy PSL, Buy PSM, Make SRD (for SRD) [Make DCH (for DCH) [Make DRF (for DRF) [Make DCS (for DCS) [Buy PG, Buy PSS, Make SFK (for SFK) [Buy FE]], Make NFI (for NFI) [Buy C, Make SI (for SI) [Make C (for C) [Make HCP (for HCP) [Buy H2O, Buy NS]], Buy FLX, Buy O, Buy SIO]]], Make MPC (for MPC) [Make BCO (for BCO) [Buy CU, Make PE (for PE) [Make C (for C) [Make HCP (for HCP) [Buy H2O, Buy NS]], Buy H]], Buy SWF, Make TRN (for TRN) [Buy AL, Buy SI]], Make POW (for POW) [Buy LI, Buy NCS], Buy SOL], Make SAR (for SAR) [Make PCB (for PCB) [Buy BCO, Buy BGO, Buy PE, Buy SWF], Make SEN (for SEN) [Buy H, Buy N, Buy TRN]], Buy UTS]",242.1281351
NV2,NV2,"Buy BMF, Buy SNM",517.8055556
BWS,BWS,"Make DCM (for DCM) [Buy PG, Buy PSM, Make SFK (for SFK) [Buy FE]], Buy HD, Make MB (for MB) [Make MPC (for MPC) [Make BCO (for BCO) [Buy CU, Make PE (for PE) [Make C (for C) [Make HCP (for HCP) [Buy H2O, Buy NS]], Buy H]], Buy SWF, Make TRN (for TRN) [Buy AL, Buy SI]], Buy PSM, Make RAM (for RAM) [Make BCO (for BCO) [Buy CU, Make PE (for PE) [Make C (for C) [Make HCP (for HCP) [Buy H2O, Buy NS]], Buy H]], Buy CAP, Make PSS (for PSS) [Make PG (for PG) [Buy C, Buy H, Buy MG]]], Make SFK (for SFK) [Buy FE]]",231.50762
HPC,HPC,"Buy CD, Make DCS (for DCS) [Buy PG, Buy PSS, Make SFK (for SFK) [Buy FE]], Make MB (for MB) [Make MPC (for MPC) [Make BCO (for BCO) [Buy CU, Make PE (for PE) [Make C (for C) [Make HCP (for HCP) [Buy H2O, Buy NS]], Buy H]], Buy SWF, Make TRN (for TRN) [Buy AL, Buy SI]], Buy PSM, Make RAM (for RAM) [Make BCO (for BCO) [Buy CU, Make PE (for PE) [Make C (for C) [Make HCP (for HCP) [Buy H2O, Buy NS]], Buy H]], Buy CAP, Make PSS (for PSS) [Make PG (for PG) [Buy C, Buy H, Buy MG]]], Make SFK (for SFK) [Buy FE]]",213.8284701
LC,LC,"Make BLE (for BLE) [Make NAB (for NAB) [Buy BOR, Buy H, Buy NA], Buy O, Buy S], Make HD (for HD) [Make DCS (for DCS) [Buy PG, Buy PSS, Make SFK (for SFK) [Buy FE]], Make LDI (for LDI) [Buy GAL, Make SI (for SI) [Make C (for C) [Make HCP (for HCP) [Buy H2O, Buy NS]], Buy FLX, Buy O, Buy SIO]], Make RG (for RG) [Buy GL, Make PG (for PG) [Buy C, Buy H, Buy MG], Make SEN (for SEN) [Buy H, Buy N, Buy TRN]]], Make PCB (for PCB) [Buy BCO, Buy BGO, Buy PE, Buy SWF], Make SIL (for SIL) [Make RSI (for RSI) [Buy H2O, Make HCP (for HCP) [Buy H2O, Buy NS], Make NS (for NS) [Buy H2O, Buy LST, Buy N]]]",-40.51367501
HOG,HOG,"Make DCS (for DCS) [Buy PG, Buy PSS, Make SFK (for SFK) [Buy FE]], Buy HD, Buy NG",109.9162539
BID,BID,"Make CD (for CD) [Make BCO (for BCO) [Buy CU, Make PE (for PE) [Make C (for C) [Make HCP (for HCP) [Buy H2O, Buy NS]], Buy H]], Make DIS (for DIS) [Make GL (for GL) [Buy NA, Buy SIO], Make LCR (for LCR) [Buy O, Make SI (for SI) [Make C (for C) [Make HCP (for HCP) [Buy H2O, Buy NS]], Buy FLX, Buy O, Buy SIO]]]], Make KV (for KV) [Buy PG, Buy TCL], Make SAR (for SAR) [Make PCB (for PCB) [Buy BCO, Buy BGO, Buy PE, Buy SWF], Make SEN (for SEN) [Buy H, Buy N, Buy TRN]]",-9669.953928
GNZ,GNZ,"Make GCH (for GCH) [Make GV (for GV) [Make AL (for AL) [Buy ALO, Buy C, Buy FLX, Buy O], Buy HE], Make RG (for RG) [Buy GL, Make PG (for PG) [Buy C, Buy H, Buy MG], Make SEN (for SEN) [Buy H, Buy N, Buy TRN]]], Make RG (for RG) [Buy GL, Make PG (for PG) [Buy C, Buy H, Buy MG], Make SEN (for SEN) [Buy H, Buy N, Buy TRN]], Make TI (for TI) [Make C (for C) [Make HCP (for HCP) [Buy H2O, Buy NS]], Buy O, Buy TIO]",-491.8842205
ATA,ATA,"Buy NG, Make RTA (for RTA) [Make LTA (for LTA) [Make AL (for AL) [Buy ALO, Buy C, Buy FLX, Buy O], Make GL (for GL) [Buy NA, Buy SIO]], Make RG (for RG) [Buy GL, Make PG (for PG) [Buy C, Buy H, Buy MG], Make SEN (for SEN) [Buy H, Buy N, Buy TRN]]]",244.1246011
TCU,TCU,"Make ADR (for ADR) [Make BSC (for BSC) [Buy DCM, Buy MFK, Buy SAR], Make DCM (for DCM) [Buy PG, Buy PSM, Make SFK (for SFK) [Buy FE]], Buy MFK, Buy REA], Make PSL (for PSL) [Make PG (for PG) [Buy C, Buy H, Buy MG]], Make PSM (for PSM) [Make PG (for PG) [Buy C, Buy H, Buy MG]]",-45.42470031
COM,COM,"Make AAR (for AAR) [Make AU (for AU) [Buy AUO, Make C (for C) [Make HCP (for HCP) [Buy H2O, Buy NS]]], Make KV (for KV) [Buy PG, Buy TCL], Make PCB (for PCB) [Buy BCO, Buy BGO, Buy PE, Buy SWF], Make SWF (for SWF) [Make AL (for AL) [Buy ALO, Buy C, Buy FLX, Buy O], Make SI (for SI) [Make C (for C) [Make HCP (for HCP) [Buy H2O, Buy NS]], Buy FLX, Buy O, Buy SIO]]], Make BWS (for BWS) [Make DCM (for DCM) [Buy PG, Buy PSM, Make SFK (for SFK) [Buy FE]], Buy HD, Make MB (for MB) [Make MPC (for MPC) [Make BCO (for BCO) [Buy CU, Make PE (for PE) [Make C (for C) [Make HCP (for HCP) [Buy H2O, Buy NS]], Buy H]], Buy SWF, Make TRN (for TRN) [Buy AL, Buy SI]], Buy PSM, Make RAM (for RAM) [Make BCO (for BCO) [Buy CU, Make PE (for PE) [Make C (for C) [Make HCP (for HCP) [Buy H2O, Buy NS]], Buy H]], Buy CAP, Make PSS (for PSS) [Make PG (for PG) [Buy C, Buy H, Buy MG]]], Make SFK (for SFK) [Buy FE]]], Make RAD (for RAD) [Buy DCS, Make POW (for POW) [Buy LI, Buy NCS], Buy SFK]",235.3023883
RCS,RCS,"Make BWS (for BWS) [Make DCM (for DCM) [Buy PG, Buy PSM, Make SFK (for SFK) [Buy FE]], Buy HD, Make MB (for MB) [Make MPC (for MPC) [Make BCO (for BCO) [Buy CU, Make PE (for PE) [Make C (for C) [Make HCP (for HCP) [Buy H2O, Buy NS]], Buy H]], Buy SWF, Make TRN (for TRN) [Buy AL, Buy SI]], Buy PSM, Make RAM (for RAM) [Make BCO (for BCO) [Buy CU, Make PE (for PE) [Make C (for C) [Make HCP (for HCP) [Buy H2O, Buy NS]], Buy H]], Buy CAP, Make PSS (for PSS) [Make PG (for PG) [Buy C, Buy H, Buy MG]]], Make SFK (for SFK) [Buy FE]]], Make DA (for DA) [Make LD (for LD), Buy ROM, Make SA (for SA), Make SAL (for SAL)], Make OS (for OS) [Make LD (for LD), Buy ROM, Buy WM], Make SAR (for SAR) [Make PCB (for PCB) [Buy BCO, Buy BGO, Buy PE, Buy SWF], Make SEN (for SEN) [Buy H, Buy N, Buy TRN]]",74.39472464
ADS,ADS,"Make BWS (for BWS) [Make DCM (for DCM) [Buy PG, Buy PSM, Make SFK (for SFK) [Buy FE]], Buy HD, Make MB (for MB) [Make MPC (for MPC) [Make BCO (for BCO) [Buy CU, Make PE (for PE) [Make C (for C) [Make HCP (for HCP) [Buy H2O, Buy NS]], Buy H]], Buy SWF, Make TRN (for TRN) [Buy AL, Buy SI]], Buy PSM, Make RAM (for RAM) [Make BCO (for BCO) [Buy CU, Make PE (for PE) [Make C (for C) [Make HCP (for HCP) [Buy H2O, Buy NS]], Buy H]], Buy CAP, Make PSS (for PSS) [Make PG (for PG) [Buy C, Buy H, Buy MG]]], Make SFK (for SFK) [Buy FE]]], Make OS (for OS) [Make LD (for LD), Buy ROM, Buy WM], Buy TRA",192.3105059
WS,WS,"Make BWS (for BWS) [Make DCM (for DCM) [Buy PG, Buy PSM, Make SFK (for SFK) [Buy FE]], Buy HD, Make MB (for MB) [Make MPC (for MPC) [Make BCO (for BCO) [Buy CU, Make PE (for PE) [Make C (for C) [Make HCP (for HCP) [Buy H2O, Buy NS]], Buy H]], Buy SWF, Make TRN (for TRN) [Buy AL, Buy SI]], Buy PSM, Make RAM (for RAM) [Make BCO (for BCO) [Buy CU, Make PE (for PE) [Make C (for C) [Make HCP (for HCP) [Buy H2O, Buy NS]], Buy H]], Buy CAP, Make PSS (for PSS) [Make PG (for PG) [Buy C, Buy H, Buy MG]]], Make SFK (for SFK) [Buy FE]]], Make DA (for DA) [Make LD (for LD), Buy ROM, Make SA (for SA), Make SAL (for SAL)]",256.211182
PDA,PDA,"Make HPC (for HPC) [Buy CD, Make DCS (for DCS) [Buy PG, Buy PSS, Make SFK (for SFK) [Buy FE]], Make MB (for MB) [Make MPC (for MPC) [Make BCO (for BCO) [Buy CU, Make PE (for PE) [Make C (for C) [Make HCP (for HCP) [Buy H2O, Buy NS]], Buy H]], Buy SWF, Make TRN (for TRN) [Buy AL, Buy SI]], Buy PSM, Make RAM (for RAM) [Make BCO (for BCO) [Buy CU, Make PE (for PE) [Make C (for C) [Make HCP (for HCP) [Buy H2O, Buy NS]], Buy H]], Buy CAP, Make PSS (for PSS) [Make PG (for PG) [Buy C, Buy H, Buy MG]]], Make SFK (for SFK) [Buy FE]]], Make LD (for LD)",279.0857692
SEQ,SEQ,"Buy HOG, Buy STL, Buy TI",1595.873297
GEN,GEN,"Make GNZ (for GNZ) [Make GCH (for GCH) [Make GV (for GV) [Make AL (for AL) [Buy ALO, Buy C, Buy FLX, Buy O], Buy HE], Make RG (for RG) [Buy GL, Make PG (for PG) [Buy C, Buy H, Buy MG], Make SEN (for SEN) [Buy H, Buy N, Buy TRN]]], Make RG (for RG) [Buy GL, Make PG (for PG) [Buy C, Buy H, Buy MG], Make SEN (for SEN) [Buy H, Buy N, Buy TRN]], Make TI (for TI) [Make C (for C) [Make HCP (for HCP) [Buy H2O, Buy NS]], Buy O, Buy TIO]], Make LFP (for LFP) [Make PG (for PG) [Buy C, Buy H, Buy MG], Make SFK (for SFK) [Buy FE], Make THF (for THF) [Buy AMM, Buy H2O, Buy NA]], Make MFK (for MFK) [Make STL (for STL) [Make FE (for FE) [Make C (for C) [Make HCP (for HCP) [Buy H2O, Buy NS]], Buy FEO, Buy FLX, Buy O], Buy O]], Make NG (for NG) [Make GL (for GL) [Buy NA, Buy SIO], Make NCS (for NCS) [Make C (for C) [Make HCP (for HCP) [Buy H2O, Buy NS]]]], Make THF (for THF) [Buy AMM, Buy H2O, Buy NA]",-1357.895054
CQM,CQM,"Make DEC (for DEC) [Make EPO (for EPO) [Buy C, Buy CL, Buy H, Buy O], Make PG (for PG) [Buy C, Buy H, Buy MG]], Make LIS (for LIS) [Make AIR (for AIR) [Buy BAC, Buy FC, Buy GV, Buy H2O, Buy HCP, Buy NS, Make PCB (for PCB) [Buy BCO, Buy BGO, Buy PE, Buy SWF], Buy SAR, Make WAI (for WAI) [Buy NN, Buy ROM]], Make BMF (for BMF) [Buy DCL, Make FAN (for FAN) [Make AL (for AL) [Buy ALO, Buy C, Buy FLX, Buy O], Make DCS (for DCS) [Buy PG, Buy PSS, Make SFK (for SFK) [Buy FE]], Make SFK (for SFK) [Buy FE]], Make MB (for MB) [Make MPC (for MPC) [Make BCO (for BCO) [Buy CU, Make PE (for PE) [Make C (for C) [Make HCP (for HCP) [Buy H2O, Buy NS]], Buy H]], Buy SWF, Make TRN (for TRN) [Buy AL, Buy SI]], Buy PSM, Make RAM (for RAM) [Make BCO (for BCO) [Buy CU, Make PE (for PE) [Make C (for C) [Make HCP (for HCP) [Buy H2O, Buy NS]], Buy H]], Buy CAP, Make PSS (for PSS) [Make PG (for PG) [Buy C, Buy H, Buy MG]]], Make SFK (for SFK) [Buy FE]], Make TPU (for TPU) [Buy CAP, Buy HCC, Buy MWF, Make TRN (for TRN) [Buy AL, Buy SI]]], Make WAI (for WAI) [Buy NN, Buy ROM], Make WR (for WR) [Buy AWF, Buy FC, Buy FLP, Make PCB (for PCB) [Buy BCO, Buy BGO, Buy PE, Buy SWF], Make SEN (for SEN) [Buy H, Buy N, Buy TRN], Make WAI (for WAI) [Buy NN, Buy ROM]]], Make PSL (for PSL) [Make PG (for PG) [Buy C, Buy H, Buy MG]], Make PSM (for PSM) [Make PG (for PG) [Buy C, Buy H, Buy MG]], Make TCU (for TCU) [Make ADR (for ADR) [Make BSC (for BSC) [Buy DCM, Buy MFK, Buy SAR], Make DCM (for DCM) [Buy PG, Buy PSM, Make SFK (for SFK) [Buy FE]], Buy MFK, Buy REA], Make PSL (for PSL) [Make PG (for PG) [Buy C, Buy H, Buy MG]], Make PSM (for PSM) [Make PG (for PG) [Buy C, Buy H, Buy MG]]], Make TI (for TI) [Make C (for C) [Make HCP (for HCP) [Buy H2O, Buy NS]], Buy O, Buy TIO]",-6986.343647
FUN,FUN,"Make BID (for BID) [Make CD (for CD) [Make BCO (for BCO) [Buy CU, Make PE (for PE) [Make C (for C) [Make HCP (for HCP) [Buy H2O, Buy NS]], Buy H]], Make DIS (for DIS) [Make GL (for GL) [Buy NA, Buy SIO], Make LCR (for LCR) [Buy O, Make SI (for SI) [Make C (for C) [Make HCP (for HCP) [Buy H2O, Buy NS]], Buy FLX, Buy O, Buy SIO]]]], Make KV (for KV) [Buy PG, Buy TCL], Make SAR (for SAR) [Make PCB (for PCB) [Buy BCO, Buy BGO, Buy PE, Buy SWF], Make SEN (for SEN) [Buy H, Buy N, Buy TRN]]], Make BWS (for BWS) [Make DCM (for DCM) [Buy PG, Buy PSM, Make SFK (for SFK) [Buy FE]], Buy HD, Make MB (for MB) [Make MPC (for MPC) [Make BCO (for BCO) [Buy CU, Make PE (for PE) [Make C (for C) [Make HCP (for HCP) [Buy H2O, Buy NS]], Buy H]], Buy SWF, Make TRN (for TRN) [Buy AL, Buy SI]], Buy PSM, Make RAM (for RAM) [Make BCO (for BCO) [Buy CU, Make PE (for PE) [Make C (for C) [Make HCP (for HCP) [Buy H2O, Buy NS]], Buy H]], Buy CAP, Make PSS (for PSS) [Make PG (for PG) [Buy C, Buy H, Buy MG]]], Make SFK (for SFK) [Buy FE]]], Make PCB (for PCB) [Buy BCO, Buy BGO, Buy PE, Buy SWF], Buy PSL",208.7052104
CQL,CQL,"Make DEC (for DEC) [Make EPO (for EPO) [Buy C, Buy CL, Buy H, Buy O], Make PG (for PG) [Buy C, Buy H, Buy MG]], Make FET (for FET) [Make FE (for FE) [Make C (for C) [Make HCP (for HCP) [Buy H2O, Buy NS]], Buy FEO, Buy FLX, Buy O], Buy TI], Make LIS (for LIS) [Make AIR (for AIR) [Buy BAC, Buy FC, Buy GV, Buy H2O, Buy HCP, Buy NS, Make PCB (for PCB) [Buy BCO, Buy BGO, Buy PE, Buy SWF], Buy SAR, Make WAI (for WAI) [Buy NN, Buy ROM]], Make BMF (for BMF) [Buy DCL, Make FAN (for FAN) [Make AL (for AL) [Buy ALO, Buy C, Buy FLX, Buy O], Make DCS (for DCS) [Buy PG, Buy PSS, Make SFK (for SFK) [Buy FE]], Make SFK (for SFK) [Buy FE]], Make MB (for MB) [Make MPC (for MPC) [Make BCO (for BCO) [Buy CU, Make PE (for PE) [Make C (for C) [Make HCP (for HCP) [Buy H2O, Buy NS]], Buy H]], Buy SWF, Make TRN (for TRN) [Buy AL, Buy SI]], Buy PSM, Make RAM (for RAM) [Make BCO (for BCO) [Buy CU, Make PE (for PE) [Make C (for C) [Make HCP (for HCP) [Buy H2O, Buy NS]], Buy H]], Buy CAP, Make PSS (for PSS) [Make PG (for PG) [Buy C, Buy H, Buy MG]]], Make SFK (for SFK) [Buy FE]], Make TPU (for TPU) [Buy CAP, Buy HCC, Buy MWF, Make TRN (for TRN) [Buy AL, Buy SI]]], Make WAI (for WAI) [Buy NN, Buy ROM], Make WR (for WR) [Buy AWF, Buy FC, Buy FLP, Make PCB (for PCB) [Buy BCO, Buy BGO, Buy PE, Buy SWF], Make SEN (for SEN) [Buy H, Buy N, Buy TRN], Make WAI (for WAI) [Buy NN, Buy ROM]]], Make PSL (for PSL) [Make PG (for PG) [Buy C, Buy H, Buy MG]], Make PSM (for PSM) [Make PG (for PG) [Buy C, Buy H, Buy MG]], Make TCU (for TCU) [Make ADR (for ADR) [Make BSC (for BSC) [Buy DCM, Buy MFK, Buy SAR], Make DCM (for DCM) [Buy PG, Buy PSM, Make SFK (for SFK) [Buy FE]], Buy MFK, Buy REA], Make PSL (for PSL) [Make PG (for PG) [Buy C, Buy H, Buy MG]], Make PSM (for PSM) [Make PG (for PG) [Buy C, Buy H, Buy MG]]]",-7468.753403
CQT,CQT,"Make AL (for AL) [Buy ALO, Buy C, Buy FLX, Buy O], Make BMF (for BMF) [Buy DCL, Make FAN (for FAN) [Make AL (for AL) [Buy ALO, Buy C, Buy FLX, Buy O], Make DCS (for DCS) [Buy PG, Buy PSS, Make SFK (for SFK) [Buy FE]], Make SFK (for SFK) [Buy FE]], Make MB (for MB) [Make MPC (for MPC) [Make BCO (for BCO) [Buy CU, Make PE (for PE) [Make C (for C) [Make HCP (for HCP) [Buy H2O, Buy NS]], Buy H]], Buy SWF, Make TRN (for TRN) [Buy AL, Buy SI]], Buy PSM, Make RAM (for RAM) [Make BCO (for BCO) [Buy CU, Make PE (for PE) [Make C (for C) [Make HCP (for HCP) [Buy H2O, Buy NS]], Buy H]], Buy CAP, Make PSS (for PSS) [Make PG (for PG) [Buy C, Buy H, Buy MG]]], Make SFK (for SFK) [Buy FE]], Make TPU (for TPU) [Buy CAP, Buy HCC, Buy MWF, Make TRN (for TRN) [Buy AL, Buy SI]]], Make DEC (for DEC) [Make EPO (for EPO) [Buy C, Buy CL, Buy H, Buy O], Make PG (for PG) [Buy C, Buy H, Buy MG]], Make PSL (for PSL) [Make PG (for PG) [Buy C, Buy H, Buy MG]], Make PSM (for PSM) [Make PG (for PG) [Buy C, Buy H, Buy MG]], Make TCU (for TCU) [Make ADR (for ADR) [Make BSC (for BSC) [Buy DCM, Buy MFK, Buy SAR], Make DCM (for DCM) [Buy PG, Buy PSM, Make SFK (for SFK) [Buy FE]], Buy MFK, Buy REA], Make PSL (for PSL) [Make PG (for PG) [Buy C, Buy H, Buy MG]], Make PSM (for PSM) [Make PG (for PG) [Buy C, Buy H, Buy MG]]]",-2231.078569
CQS,CQS,"Make DEC (for DEC) [Make EPO (for EPO) [Buy C, Buy CL, Buy H, Buy O], Make PG (for PG) [Buy C, Buy H, Buy MG]], Make FAL (for FAL) [Buy AL, Buy FE], Make LIS (for LIS) [Make AIR (for AIR) [Buy BAC, Buy FC, Buy GV, Buy H2O, Buy HCP, Buy NS, Make PCB (for PCB) [Buy BCO, Buy BGO, Buy PE, Buy SWF], Buy SAR, Make WAI (for WAI) [Buy NN, Buy ROM]], Make BMF (for BMF) [Buy DCL, Make FAN (for FAN) [Make AL (for AL) [Buy ALO, Buy C, Buy FLX, Buy O], Make DCS (for DCS) [Buy PG, Buy PSS, Make SFK (for SFK) [Buy FE]], Make SFK (for SFK) [Buy FE]], Make MB (for MB) [Make MPC (for MPC) [Make BCO (for BCO) [Buy CU, Make PE (for PE) [Make C (for C) [Make HCP (for HCP) [Buy H2O, Buy NS]], Buy H]], Buy SWF, Make TRN (for TRN) [Buy AL, Buy SI]], Buy PSM, Make RAM (for RAM) [Make BCO (for BCO) [Buy CU, Make PE (for PE) [Make C (for C) [Make HCP (for HCP) [Buy H2O, Buy NS]], Buy H]], Buy CAP, Make PSS (for PSS) [Make PG (for PG) [Buy C, Buy H, Buy MG]]], Make SFK (for SFK) [Buy FE]], Make TPU (for TPU) [Buy CAP, Buy HCC, Buy MWF, Make TRN (for TRN) [Buy AL, Buy SI]]], Make WAI (for WAI) [Buy NN, Buy ROM], Make WR (for WR) [Buy AWF, Buy FC, Buy FLP, Make PCB (for PCB) [Buy BCO, Buy BGO, Buy PE, Buy SWF], Make SEN (for SEN) [Buy H, Buy N, Buy TRN], Make WAI (for WAI) [Buy NN, Buy ROM]]], Make PSL (for PSL) [Make PG (for PG) [Buy C, Buy H, Buy MG]], Make PSM (for PSM) [Make PG (for PG) [Buy C, Buy H, Buy MG]], Make TCU (for TCU) [Make ADR (for ADR) [Make BSC (for BSC) [Buy DCM, Buy MFK, Buy SAR], Make DCM (for DCM) [Buy PG, Buy PSM, Make SFK (for SFK) [Buy FE]], Buy MFK, Buy REA], Make PSL (for PSL) [Make PG (for PG) [Buy C, Buy H, Buy MG]], Make PSM (for PSM) [Make PG (for PG) [Buy C, Buy H, Buy MG]]]",-7109.58131
NV1,NV1,"Make SNM (for SNM) [Make DV (for DV), Make IMM (for IMM) [Make DA (for DA) [Make LD (for LD), Buy ROM, Make SA (for SA), Make SAL (for SAL)], Buy DD], Make WAI (for WAI) [Buy NN, Buy ROM]], Make WS (for WS) [Make BWS (for BWS) [Make DCM (for DCM) [Buy PG, Buy PSM, Make SFK (for SFK) [Buy FE]], Buy HD, Make MB (for MB) [Make MPC (for MPC) [Make BCO (for BCO) [Buy CU, Make PE (for PE) [Make C (for C) [Make HCP (for HCP) [Buy H2O, Buy NS]], Buy H]], Buy SWF, Make TRN (for TRN) [Buy AL, Buy SI]], Buy PSM, Make RAM (for RAM) [Make BCO (for BCO) [Buy CU, Make PE (for PE) [Make C (for C) [Make HCP (for HCP) [Buy H2O, Buy NS]], Buy H]], Buy CAP, Make PSS (for PSS) [Make PG (for PG) [Buy C, Buy H, Buy MG]]], Make SFK (for SFK) [Buy FE]]], Make DA (for DA) [Make LD (for LD), Buy ROM, Make SA (for SA), Make SAL (for SAL)]]",246.429805
SDR,SDR,"Make BSC (for BSC) [Buy DCM, Buy MFK, Buy SAR], Make DCH (for DCH) [Make DRF (for DRF) [Make DCS (for DCS) [Buy PG, Buy PSS, Make SFK (for SFK) [Buy FE]], Make NFI (for NFI) [Buy C, Make SI (for SI) [Make C (for C) [Make HCP (for HCP) [Buy H2O, Buy NS]], Buy FLX, Buy O, Buy SIO]]], Make MPC (for MPC) [Make BCO (for BCO) [Buy CU, Make PE (for PE) [Make C (for C) [Make HCP (for HCP) [Buy H2O, Buy NS]], Buy H]], Buy SWF, Make TRN (for TRN) [Buy AL, Buy SI]], Make POW (for POW) [Buy LI, Buy NCS], Buy SOL], Make SEQ (for SEQ) [Buy HOG, Buy STL, Buy TI]",364.333753
FIR,FIR,"Make ACS (for ACS) [Buy FC, Make SAR (for SAR) [Make PCB (for PCB) [Buy BCO, Buy BGO, Buy PE, Buy SWF], Make SEN (for SEN) [Buy H, Buy N, Buy TRN]], Buy THF, Make WAI (for WAI) [Buy NN, Buy ROM]], Make AFR (for AFR) [Buy AL, Make ZR (for ZR) [Buy ZIR]], Make CTF (for CTF) [Buy O, Buy SI, Make WAL (for WAL) [Make AL (for AL) [Buy ALO, Buy C, Buy FLX, Buy O], Make W (for W) [Buy BTS]]], Make EES (for EES) [Make ES (for ES) [Buy LES], Make FLX (for FLX) [Buy LST], Make REA (for REA) [Buy BRM]], Make RCS (for RCS) [Make BWS (for BWS) [Make DCM (for DCM) [Buy PG, Buy PSM, Make SFK (for SFK) [Buy FE]], Buy HD, Make MB (for MB) [Make MPC (for MPC) [Make BCO (for BCO) [Buy CU, Make PE (for PE) [Make C (for C) [Make HCP (for HCP) [Buy H2O, Buy NS]], Buy H]], Buy SWF, Make TRN (for TRN) [Buy AL, Buy SI]], Buy PSM, Make RAM (for RAM) [Make BCO (for BCO) [Buy CU, Make PE (for PE) [Make C (for C) [Make HCP (for HCP) [Buy H2O, Buy NS]], Buy H]], Buy CAP, Make PSS (for PSS) [Make PG (for PG) [Buy C, Buy H, Buy MG]]], Make SFK (for SFK) [Buy FE]]], Make DA (for DA) [Make LD (for LD), Buy ROM, Make SA (for SA), Make SAL (for SAL)], Make OS (for OS) [Make LD (for LD), Buy ROM, Buy WM], Make SAR (for SAR) [Make PCB (for PCB) [Buy BCO, Buy BGO, Buy PE, Buy SWF], Make SEN (for SEN) [Buy H, Buy N, Buy TRN]]], Make WAL (for WAL) [Make AL (for AL) [Buy ALO, Buy C, Buy FLX, Buy O], Make W (for W) [Buy BTS]]",-4669.852888
RAG,RAG,"Make ACS (for ACS) [Buy FC, Make SAR (for SAR) [Make PCB (for PCB) [Buy BCO, Buy BGO, Buy PE, Buy SWF], Make SEN (for SEN) [Buy H, Buy N, Buy TRN]], Buy THF, Make WAI (for WAI) [Buy NN, Buy ROM]], Make AST (for AST) [Make AL (for AL) [Buy ALO, Buy C, Buy FLX, Buy O], Make TI (for TI) [Make C (for C) [Make HCP (for HCP) [Buy H2O, Buy NS]], Buy O, Buy TIO]], Make BFR (for BFR) [Make AL (for AL) [Buy ALO, Buy C, Buy FLX, Buy O], Make STL (for STL) [Make FE (for FE) [Make C (for C) [Make HCP (for HCP) [Buy H2O, Buy NS]], Buy FEO, Buy FLX, Buy O], Buy O]], Make CF (for CF) [Make AL (for AL) [Buy ALO, Buy C, Buy FLX, Buy O], Buy O, Make SI (for SI) [Make C (for C) [Make HCP (for HCP) [Buy H2O, Buy NS]], Buy FLX, Buy O, Buy SIO]], Make ETC (for ETC) [Make FLX (for FLX) [Buy LST], Make REA (for REA) [Buy BRM], Make TC (for TC) [Buy TCO]], Make RCS (for RCS) [Make BWS (for BWS) [Make DCM (for DCM) [Buy PG, Buy PSM, Make SFK (for SFK) [Buy FE]], Buy HD, Make MB (for MB) [Make MPC (for MPC) [Make BCO (for BCO) [Buy CU, Make PE (for PE) [Make C (for C) [Make HCP (for HCP) [Buy H2O, Buy NS]], Buy H]], Buy SWF, Make TRN (for TRN) [Buy AL, Buy SI]], Buy PSM, Make RAM (for RAM) [Make BCO (for BCO) [Buy CU, Make PE (for PE) [Make C (for C) [Make HCP (for HCP) [Buy H2O, Buy NS]], Buy H]], Buy CAP, Make PSS (for PSS) [Make PG (for PG) [Buy C, Buy H, Buy MG]]], Make SFK (for SFK) [Buy FE]]], Make DA (for DA) [Make LD (for LD), Buy ROM, Make SA (for SA), Make SAL (for SAL)], Make OS (for OS) [Make LD (for LD), Buy ROM, Buy WM], Make SAR (for SAR) [Make PCB (for PCB) [Buy BCO, Buy BGO, Buy PE, Buy SWF], Make SEN (for SEN) [Buy H, Buy N, Buy TRN]]]",-4187.491918
EBU,EBU,"Make DW (for DW) [Buy H2O], Make FIM (for FIM) [Make HER (for HER) [Make DDT (for DDT) [Make C (for C) [Make HCP (for HCP) [Buy H2O, Buy NS]], Make CL (for CL) [Buy H2O, Buy HAL], Buy H], Buy H2O], Make RAT (for RAT) [Make ALG (for ALG) [Buy H2O, Buy NS], Buy GRN, Buy VEG]], Make GIN (for GIN) [Buy AMM, Make DW (for DW) [Buy H2O], Buy ES, Buy GRN], Make HSS (for HSS) [Make BLE (for BLE) [Make NAB (for NAB) [Buy BOR, Buy H, Buy NA], Buy O, Buy S], Make NL (for NL) [Make PG (for PG) [Buy C, Buy H, Buy MG]], Make PCB (for PCB) [Buy BCO, Buy BGO, Buy PE, Buy SWF], Make SEN (for SEN) [Buy H, Buy N, Buy TRN]], Make MED (for MED) [Make AL (for AL) [Buy ALO, Buy C, Buy FLX, Buy O], Make COT (for COT) [Buy RCO], Buy HER, Make PE (for PE) [Make C (for C) [Make HCP (for HCP) [Buy H2O, Buy NS]], Buy H]], Make PDA (for PDA) [Make HPC (for HPC) [Buy CD, Make DCS (for DCS) [Buy PG, Buy PSS, Make SFK (for SFK) [Buy FE]], Make MB (for MB) [Make MPC (for MPC) [Make BCO (for BCO) [Buy CU, Make PE (for PE) [Make C (for C) [Make HCP (for HCP) [Buy H2O, Buy NS]], Buy H]], Buy SWF, Make TRN (for TRN) [Buy AL, Buy SI]], Buy PSM, Make RAM (for RAM) [Make BCO (for BCO) [Buy CU, Make PE (for PE) [Make C (for C) [Make HCP (for HCP) [Buy H2O, Buy NS]], Buy H]], Buy CAP, Make PSS (for PSS) [Make PG (for PG) [Buy C, Buy H, Buy MG]]], Make SFK (for SFK) [Buy FE]]], Make LD (for LD)], Make PE (for PE) [Make C (for C) [Make HCP (for HCP) [Buy H2O, Buy NS]], Buy H], Make PSS (for PSS) [Make PG (for PG) [Buy C, Buy H, Buy MG]], Make VG (for VG) [Buy BAC, Make BL (for BL) [Buy F, Buy O], Buy REA, Buy VIT]",115.9715444
CBU,CBU,"Make DW (for DW) [Buy H2O], Buy LC, Make MEA (for MEA) [Make FIM (for FIM) [Make HER (for HER) [Make DDT (for DDT) [Make C (for C) [Make HCP (for HCP) [Buy H2O, Buy NS]], Make CL (for CL) [Buy H2O, Buy HAL], Buy H], Buy H2O], Make RAT (for RAT) [Make ALG (for ALG) [Buy H2O, Buy NS], Buy GRN, Buy VEG]], Make MTP (for MTP) [Make HCP (for HCP) [Buy H2O, Buy NS], Make NS (for NS) [Buy H2O, Buy LST, Buy N], Make PPA (for PPA) [Make ALG (for ALG) [Buy H2O, Buy NS], Buy BEA, Buy H2O]]], Make MED (for MED) [Make AL (for AL) [Buy ALO, Buy C, Buy FLX, Buy O], Make COT (for COT) [Buy RCO], Buy HER, Make PE (for PE) [Make C (for C) [Make HCP (for HCP) [Buy H2O, Buy NS]], Buy H]], Make NST (for NST) [Make ALG (for ALG) [Buy H2O, Buy NS], Buy ES, Make THF (for THF) [Buy AMM, Buy H2O, Buy NA]], Make PE (for PE) [Make C (for C) [Make HCP (for HCP) [Buy H2O, Buy NS]], Buy H], Make PSS (for PSS) [Make PG (for PG) [Buy C, Buy H, Buy MG]], Buy WIN, Make WS (for WS) [Make BWS (for BWS) [Make DCM (for DCM) [Buy PG, Buy PSM, Make SFK (for SFK) [Buy FE]], Buy HD, Make MB (for MB) [Make MPC (for MPC) [Make BCO (for BCO) [Buy CU, Make PE (for PE) [Make C (for C) [Make HCP (for HCP) [Buy H2O, Buy NS]], Buy H]], Buy SWF, Make TRN (for TRN) [Buy AL, Buy SI]], Buy PSM, Make RAM (for RAM) [Make BCO (for BCO) [Buy CU, Make PE (for PE) [Make C (for C) [Make HCP (for HCP) [Buy H2O, Buy NS]], Buy H]], Buy CAP, Make PSS (for PSS) [Make PG (for PG) [Buy C, Buy H, Buy MG]]], Make SFK (for SFK) [Buy FE]]], Make DA (for DA) [Make LD (for LD), Buy ROM, Make SA (for SA), Make SAL (for SAL)]]",151.8667349
BR2,BR2,"Make COM (for COM) [Make AAR (for AAR) [Make AU (for AU) [Buy AUO, Make C (for C) [Make HCP (for HCP) [Buy H2O, Buy NS]]], Make KV (for KV) [Buy PG, Buy TCL], Make PCB (for PCB) [Buy BCO, Buy BGO, Buy PE, Buy SWF], Make SWF (for SWF) [Make AL (for AL) [Buy ALO, Buy C, Buy FLX, Buy O], Make SI (for SI) [Make C (for C) [Make HCP (for HCP) [Buy H2O, Buy NS]], Buy FLX, Buy O, Buy SIO]]], Make BWS (for BWS) [Make DCM (for DCM) [Buy PG, Buy PSM, Make SFK (for SFK) [Buy FE]], Buy HD, Make MB (for MB) [Make MPC (for MPC) [Make BCO (for BCO) [Buy CU, Make PE (for PE) [Make C (for C) [Make HCP (for HCP) [Buy H2O, Buy NS]], Buy H]], Buy SWF, Make TRN (for TRN) [Buy AL, Buy SI]], Buy PSM, Make RAM (for RAM) [Make BCO (for BCO) [Buy CU, Make PE (for PE) [Make C (for C) [Make HCP (for HCP) [Buy H2O, Buy NS]], Buy H]], Buy CAP, Make PSS (for PSS) [Make PG (for PG) [Buy C, Buy H, Buy MG]]], Make SFK (for SFK) [Buy FE]]], Make RAD (for RAD) [Buy DCS, Make POW (for POW) [Buy LI, Buy NCS], Buy SFK]], Make FET (for FET) [Make FE (for FE) [Make C (for C) [Make HCP (for HCP) [Buy H2O, Buy NS]], Buy FEO, Buy FLX, Buy O], Buy TI], Make NV2 (for NV2) [Buy BMF, Buy SNM], Make PSL (for PSL) [Make PG (for PG) [Buy C, Buy H, Buy MG]], Make PSM (for PSM) [Make PG (for PG) [Buy C, Buy H, Buy MG]], Make SAR (for SAR) [Make PCB (for PCB) [Buy BCO, Buy BGO, Buy PE, Buy SWF], Make SEN (for SEN) [Buy H, Buy N, Buy TRN]]",-2789.007629
DOU,DOU,"Make COM (for COM) [Make AAR (for AAR) [Make AU (for AU) [Buy AUO, Make C (for C) [Make HCP (for HCP) [Buy H2O, Buy NS]]], Make KV (for KV) [Buy PG, Buy TCL], Make PCB (for PCB) [Buy BCO, Buy BGO, Buy PE, Buy SWF], Make SWF (for SWF) [Make AL (for AL) [Buy ALO, Buy C, Buy FLX, Buy O], Make SI (for SI) [Make C (for C) [Make HCP (for HCP) [Buy H2O, Buy NS]], Buy FLX, Buy O, Buy SIO]]], Make BWS (for BWS) [Make DCM (for DCM) [Buy PG, Buy PSM, Make SFK (for SFK) [Buy FE]], Buy HD, Make MB (for MB) [Make MPC (for MPC) [Make BCO (for BCO) [Buy CU, Make PE (for PE) [Make C (for C) [Make HCP (for HCP) [Buy H2O, Buy NS]], Buy H]], Buy SWF, Make TRN (for TRN) [Buy AL, Buy SI]], Buy PSM, Make RAM (for RAM) [Make BCO (for BCO) [Buy CU, Make PE (for PE) [Make C (for C) [Make HCP (for HCP) [Buy H2O, Buy NS]], Buy H]], Buy CAP, Make PSS (for PSS) [Make PG (for PG) [Buy C, Buy H, Buy MG]]], Make SFK (for SFK) [Buy FE]]], Make RAD (for RAD) [Buy DCS, Make POW (for POW) [Buy LI, Buy NCS], Buy SFK]], Make PSL (for PSL) [Make PG (for PG) [Buy C, Buy H, Buy MG]], Make SAR (for SAR) [Make PCB (for PCB) [Buy BCO, Buy BGO, Buy PE, Buy SWF], Make SEN (for SEN) [Buy H, Buy N, Buy TRN]]",-2669.699486
LU,LU,"Make DA (for DA) [Make LD (for LD), Buy ROM, Make SA (for SA), Make SAL (for SAL)], Make PSL (for PSL) [Make PG (for PG) [Buy C, Buy H, Buy MG]], Make PSM (for PSM) [Make PG (for PG) [Buy C, Buy H, Buy MG]], Make WS (for WS) [Make BWS (for BWS) [Make DCM (for DCM) [Buy PG, Buy PSM, Make SFK (for SFK) [Buy FE]], Buy HD, Make MB (for MB) [Make MPC (for MPC) [Make BCO (for BCO) [Buy CU, Make PE (for PE) [Make C (for C) [Make HCP (for HCP) [Buy H2O, Buy NS]], Buy H]], Buy SWF, Make TRN (for TRN) [Buy AL, Buy SI]], Buy PSM, Make RAM (for RAM) [Make BCO (for BCO) [Buy CU, Make PE (for PE) [Make C (for C) [Make HCP (for HCP) [Buy H2O, Buy NS]], Buy H]], Buy CAP, Make PSS (for PSS) [Make PG (for PG) [Buy C, Buy H, Buy MG]]], Make SFK (for SFK) [Buy FE]]], Make DA (for DA) [Make LD (for LD), Buy ROM, Make SA (for SA), Make SAL (for SAL)]]",-892.9812165
SU,SU,"Make BSC (for BSC) [Buy DCM, Buy MFK, Buy SAR], Make NG (for NG) [Make GL (for GL) [Buy NA, Buy SIO], Make NCS (for NCS) [Make C (for C) [Make HCP (for HCP) [Buy H2O, Buy NS]]]], Make PSL (for PSL) [Make PG (for PG) [Buy C, Buy H, Buy MG]], Make PSM (for PSM) [Make PG (for PG) [Buy C, Buy H, Buy MG]], Make SEQ (for SEQ) [Buy HOG, Buy STL, Buy TI]",-154.1119455
HPR,HPR,"Make CBM (for CBM) [Make BE (for BE) [Buy BER], Buy BGC, Make LI (for LI) [Buy HAL, Buy LIO], Make PG (for PG) [Buy C, Buy H, Buy MG]], Make FIR (for FIR) [Make ACS (for ACS) [Buy FC, Make SAR (for SAR) [Make PCB (for PCB) [Buy BCO, Buy BGO, Buy PE, Buy SWF], Make SEN (for SEN) [Buy H, Buy N, Buy TRN]], Buy THF, Make WAI (for WAI) [Buy NN, Buy ROM]], Make AFR (for AFR) [Buy AL, Make ZR (for ZR) [Buy ZIR]], Make CTF (for CTF) [Buy O, Buy SI, Make WAL (for WAL) [Make AL (for AL) [Buy ALO, Buy C, Buy FLX, Buy O], Make W (for W) [Buy BTS]]], Make EES (for EES) [Make ES (for ES) [Buy LES], Make FLX (for FLX) [Buy LST], Make REA (for REA) [Buy BRM]], Make RCS (for RCS) [Make BWS (for BWS) [Make DCM (for DCM) [Buy PG, Buy PSM, Make SFK (for SFK) [Buy FE]], Buy HD, Make MB (for MB) [Make MPC (for MPC) [Make BCO (for BCO) [Buy CU, Make PE (for PE) [Make C (for C) [Make HCP (for HCP) [Buy H2O, Buy NS]], Buy H]], Buy SWF, Make TRN (for TRN) [Buy AL, Buy SI]], Buy PSM, Make RAM (for RAM) [Make BCO (for BCO) [Buy CU, Make PE (for PE) [Make C (for C) [Make HCP (for HCP) [Buy H2O, Buy NS]], Buy H]], Buy CAP, Make PSS (for PSS) [Make PG (for PG) [Buy C, Buy H, Buy MG]]], Make SFK (for SFK) [Buy FE]]], Make DA (for DA) [Make LD (for LD), Buy ROM, Make SA (for SA), Make SAL (for SAL)], Make OS (for OS) [Make LD (for LD), Buy ROM, Buy WM], Make SAR (for SAR) [Make PCB (for PCB) [Buy BCO, Buy BGO, Buy PE, Buy SWF], Make SEN (for SEN) [Buy H, Buy N, Buy TRN]]], Make WAL (for WAL) [Make AL (for AL) [Buy ALO, Buy C, Buy FLX, Buy O], Make W (for W) [Buy BTS]]], Make STL (for STL) [Make FE (for FE) [Make C (for C) [Make HCP (for HCP) [Buy H2O, Buy NS]], Buy FEO, Buy FLX, Buy O], Buy O]",-811.1414157
RCT,RCT,"Make AST (for AST) [Make AL (for AL) [Buy ALO, Buy C, Buy FLX, Buy O], Make TI (for TI) [Make C (for C) [Make HCP (for HCP) [Buy H2O, Buy NS]], Buy O, Buy TIO]], Make CBS (for CBS) [Buy BCO, Make BE (for BE) [Buy BER], Buy LI, Buy PG], Make RAG (for RAG) [Make ACS (for ACS) [Buy FC, Make SAR (for SAR) [Make PCB (for PCB) [Buy BCO, Buy BGO, Buy PE, Buy SWF], Make SEN (for SEN) [Buy H, Buy N, Buy TRN]], Buy THF, Make WAI (for WAI) [Buy NN, Buy ROM]], Make AST (for AST) [Make AL (for AL) [Buy ALO, Buy C, Buy FLX, Buy O], Make TI (for TI) [Make C (for C) [Make HCP (for HCP) [Buy H2O, Buy NS]], Buy O, Buy TIO]], Make BFR (for BFR) [Make AL (for AL) [Buy ALO, Buy C, Buy FLX, Buy O], Make STL (for STL) [Make FE (for FE) [Make C (for C) [Make HCP (for HCP) [Buy H2O, Buy NS]], Buy FEO, Buy FLX, Buy O], Buy O]], Make CF (for CF) [Make AL (for AL) [Buy ALO, Buy C, Buy FLX, Buy O], Buy O, Make SI (for SI) [Make C (for C) [Make HCP (for HCP) [Buy H2O, Buy NS]], Buy FLX, Buy O, Buy SIO]], Make ETC (for ETC) [Make FLX (for FLX) [Buy LST], Make REA (for REA) [Buy BRM], Make TC (for TC) [Buy TCO]], Make RCS (for RCS) [Make BWS (for BWS) [Make DCM (for DCM) [Buy PG, Buy PSM, Make SFK (for SFK) [Buy FE]], Buy HD, Make MB (for MB) [Make MPC (for MPC) [Make BCO (for BCO) [Buy CU, Make PE (for PE) [Make C (for C) [Make HCP (for HCP) [Buy H2O, Buy NS]], Buy H]], Buy SWF, Make TRN (for TRN) [Buy AL, Buy SI]], Buy PSM, Make RAM (for RAM) [Make BCO (for BCO) [Buy CU, Make PE (for PE) [Make C (for C) [Make HCP (for HCP) [Buy H2O, Buy NS]], Buy H]], Buy CAP, Make PSS (for PSS) [Make PG (for PG) [Buy C, Buy H, Buy MG]]], Make SFK (for SFK) [Buy FE]]], Make DA (for DA) [Make LD (for LD), Buy ROM, Make SA (for SA), Make SAL (for SAL)], Make OS (for OS) [Make LD (for LD), Buy ROM, Buy WM], Make SAR (for SAR) [Make PCB (for PCB) [Buy BCO, Buy BGO, Buy PE, Buy SWF], Make SEN (for SEN) [Buy H, Buy N, Buy TRN]]]]",-979.4119394
QCR,QCR,"Buy BGO, Make CBS (for CBS) [Buy BCO, Make BE (for BE) [Buy BER], Buy LI, Buy PG], Make RAG (for RAG) [Make ACS (for ACS) [Buy FC, Make SAR (for SAR) [Make PCB (for PCB) [Buy BCO, Buy BGO, Buy PE, Buy SWF], Make SEN (for SEN) [Buy H, Buy N, Buy TRN]], Buy THF, Make WAI (for WAI) [Buy NN, Buy ROM]], Make AST (for AST) [Make AL (for AL) [Buy ALO, Buy C, Buy FLX, Buy O], Make TI (for TI) [Make C (for C) [Make HCP (for HCP) [Buy H2O, Buy NS]], Buy O, Buy TIO]], Make BFR (for BFR) [Make AL (for AL) [Buy ALO, Buy C, Buy FLX, Buy O], Make STL (for STL) [Make FE (for FE) [Make C (for C) [Make HCP (for HCP) [Buy H2O, Buy NS]], Buy FEO, Buy FLX, Buy O], Buy O]], Make CF (for CF) [Make AL (for AL) [Buy ALO, Buy C, Buy FLX, Buy O], Buy O, Make SI (for SI) [Make C (for C) [Make HCP (for HCP) [Buy H2O, Buy NS]], Buy FLX, Buy O, Buy SIO]], Make ETC (for ETC) [Make FLX (for FLX) [Buy LST], Make REA (for REA) [Buy BRM], Make TC (for TC) [Buy TCO]], Make RCS (for RCS) [Make BWS (for BWS) [Make DCM (for DCM) [Buy PG, Buy PSM, Make SFK (for SFK) [Buy FE]], Buy HD, Make MB (for MB) [Make MPC (for MPC) [Make BCO (for BCO) [Buy CU, Make PE (for PE) [Make C (for C) [Make HCP (for HCP) [Buy H2O, Buy NS]], Buy H]], Buy SWF, Make TRN (for TRN) [Buy AL, Buy SI]], Buy PSM, Make RAM (for RAM) [Make BCO (for BCO) [Buy CU, Make PE (for PE) [Make C (for C) [Make HCP (for HCP) [Buy H2O, Buy NS]], Buy H]], Buy CAP, Make PSS (for PSS) [Make PG (for PG) [Buy C, Buy H, Buy MG]]], Make SFK (for SFK) [Buy FE]]], Make DA (for DA) [Make LD (for LD), Buy ROM, Make SA (for SA), Make SAL (for SAL)], Make OS (for OS) [Make LD (for LD), Buy ROM, Buy WM], Make SAR (for SAR) [Make PCB (for PCB) [Buy BCO, Buy BGO, Buy PE, Buy SWF], Make SEN (for SEN) [Buy H, Buy N, Buy TRN]]]]",350.9568872
HYR,HYR,"Make CBL (for CBL) [Make BE (for BE) [Buy BER], Make HCC (for HCC) [Make PE (for PE) [Make C (for C) [Make HCP (for HCP) [Buy H2O, Buy NS]], Buy H], Buy RGO], Make LI (for LI) [Buy HAL, Buy LIO], Make PG (for PG) [Buy C, Buy H, Buy MG]], Make FIR (for FIR) [Make ACS (for ACS) [Buy FC, Make SAR (for SAR) [Make PCB (for PCB) [Buy BCO, Buy BGO, Buy PE, Buy SWF], Make SEN (for SEN) [Buy H, Buy N, Buy TRN]], Buy THF, Make WAI (for WAI) [Buy NN, Buy ROM]], Make AFR (for AFR) [Buy AL, Make ZR (for ZR) [Buy ZIR]], Make CTF (for CTF) [Buy O, Buy SI, Make WAL (for WAL) [Make AL (for AL) [Buy ALO, Buy C, Buy FLX, Buy O], Make W (for W) [Buy BTS]]], Make EES (for EES) [Make ES (for ES) [Buy LES], Make FLX (for FLX) [Buy LST], Make REA (for REA) [Buy BRM]], Make RCS (for RCS) [Make BWS (for BWS) [Make DCM (for DCM) [Buy PG, Buy PSM, Make SFK (for SFK) [Buy FE]], Buy HD, Make MB (for MB) [Make MPC (for MPC) [Make BCO (for BCO) [Buy CU, Make PE (for PE) [Make C (for C) [Make HCP (for HCP) [Buy H2O, Buy NS]], Buy H]], Buy SWF, Make TRN (for TRN) [Buy AL, Buy SI]], Buy PSM, Make RAM (for RAM) [Make BCO (for BCO) [Buy CU, Make PE (for PE) [Make C (for C) [Make HCP (for HCP) [Buy H2O, Buy NS]], Buy H]], Buy CAP, Make PSS (for PSS) [Make PG (for PG) [Buy C, Buy H, Buy MG]]], Make SFK (for SFK) [Buy FE]]], Make DA (for DA) [Make LD (for LD), Buy ROM, Make SA (for SA), Make SAL (for SAL)], Make OS (for OS) [Make LD (for LD), Buy ROM, Buy WM], Make SAR (for SAR) [Make PCB (for PCB) [Buy BCO, Buy BGO, Buy PE, Buy SWF], Make SEN (for SEN) [Buy H, Buy N, Buy TRN]]], Make WAL (for WAL) [Make AL (for AL) [Buy ALO, Buy C, Buy FLX, Buy O], Make W (for W) [Buy BTS]]], Make WAL (for WAL) [Make AL (for AL) [Buy ALO, Buy C, Buy FLX, Buy O], Make W (for W) [Buy BTS]]",-884.4748763
BR1,BR1,"Buy COM, Buy FET, Buy NV1, Buy PSL, Buy PSM, Make SAR (for SAR) [Make PCB (for PCB) [Buy BCO, Buy BGO, Buy PE, Buy SWF], Make SEN (for SEN) [Buy H, Buy N, Buy TRN]]",408.221447